ID_Cliente,Nome,Idade,Salário,Data_Nascimento,Email,Valor_Compra,Data_Transacao
1,Brenda Alves,58.0,2446.31,1990-06-08,pietrocarvalho@example.net,3733.6,2024-01-27
2,Dra. Aurora Pastor,,1753.28,1970-04-19,borgespedro-henrique@example.org,1171.33,2024-05-12
3,Gael Henrique Silva,55.0,3864.62,1984-08-29,ccamara@example.net,4359.57,2024-03-14
4,Emanuel Sampaio,24.0,2288.34,1970-05-05,leonardo35@example.org,573.91,2024-01-25
5,Luiz Henrique Ferreira,42.0,2169.8,1981-10-02,siqueiramaria-clara@example.net,1536.57,2024-02-02
6,Anna Liz Novaes,67.0,3959.8,1962-03-10,matheus10@example.net,490.98,2024-02-29
7,Bruno da Conceição,,7196.49,1998-04-22,dda-mota@example.net,3538.92,2024-08-07
8,Léo Fogaça,35.0,9910.95,1956-11-30,diego92example.net,3236.0,2024-07-10
9,Ravi Garcia,38.0,4909.9,1960-09-21,ayllavargas@example.org,424.32,2024-03-01
10,Levi Guerra,59.0,5400.24,1960-08-01,ana-vitoriacunha@example.net,1397.91,2024-05-11
11,Natália Casa Grande,32.0,9977.27,1960-05-28,stephanyda-luz@example.net,777.83,2024-06-02
12,Maria Liz Fonseca,56.0,2039.99,13/02/2017,nicolemonteiro@example.org,1969.93,2024-07-17
13,Emanuel Vieira,61.0,9020.7,14/12/1998,gomesgiovanna@example.net,3779.3,2024-09-18
14,Alexia Rodrigues,64.0,3738.81,1989-02-14,carolina14@example.com,2552.87,2024-02-11
15,João Montenegro,27.0,4678.27,1991-09-21,piresana-cecilia@example.net,891.59,2024-05-13
16,Eduardo Freitas,,8969.14,1991-10-04,peixotoayla@example.com,4175.16,2024-01-06
17,Dr. Isaque Araújo,22.0,9812.87,1958-11-22,barrosmaria-vitoria@example.org,2710.26,2024-09-14
18,Carolina Cardoso,79.0,3300.28,1985-04-13,viniciusmoura@example.net,2742.55,2024-04-21
19,Vitor Hugo Sá,,,21/12/1993,ana-liviaguerra@example.net,1314.74,2024-06-19
20,Milena Campos,,3446.01,1959-05-03,fernandesasafe@example.net,4536.56,2024-05-25
21,Hellena Abreu,77.0,9000.26,1948-03-10,da-conceicaodavi-luiz@example.org,2923.44,2024-08-14
22,Théo da Costa,44.0,5469.71,1961-04-06,icunha@example.org,3672.47,2024-07-09
23,Olívia da Cruz,33.0,3128.52,1993-02-23,gcorreia@example.org,2727.8,2024-06-22
24,Dr. Noah Martins,72.0,6177.77,1998-02-20,rochagael-henrique@example.org,347.88,2024-04-15
25,Sr. Josué Correia,120.0,5591.55,1955-09-13,bcarvalho@example.org,4336.79,2024-03-14
26,Breno Macedo,45.0,7421.03,1994-08-16,aragaovalentina@example.org,3679.48,2024-09-11
27,Enzo Jesus,65.0,,1974-04-25,isadoraaraujo@example.org,3765.08,2024-04-09
28,Julia Viana,23.0,,1993-03-07,lavinia87@example.org,435.75,2024-02-19
29,Benjamin Pacheco,20.0,6764.74,1990-01-26,souzaana-sophia@example.org,2154.2,2024-01-14
30,Sarah Moura,43.0,-100.0,1953-08-20,cirinodavi-miguel@example.net,3262.95,2024-01-18
31,Nathan Campos,34.0,,2003-01-15,brunopinto@example.org,1810.14,2024-04-20
32,Stephany Dias,80.0,,2002-08-09,ana-sophiada-costa@example.com,3304.48,2024-04-14
33,Letícia Marques,25.0,9062.56,1963-08-21,albuquerquemaria-cecilia@example.net,3737.84,2024-09-19
34,Brayan Nascimento,,5652.52,19/08/1978,joao51@example.org,4536.15,2024-04-07
35,Liz Pimenta,58.0,9828.28,2005-09-13,riosana-clara@example.net,891.75,2024-01-28
36,João Camargo,27.0,6137.52,1999-10-09,yagoda-paz@example.net,4189.52,2024-02-25
37,Sr. João Montenegro,73.0,1839.11,1974-06-30,borgeslavinia@example.com,1853.27,2024-01-12
38,Sr. João Castro,65.0,2813.7,28/04/2018,anovais@example.org,4656.42,2024-01-20
39,Yago Andrade,39.0,8150.29,1996-04-18,lorenacardoso@example.org,2117.39,2024-03-22
40,Luiz Henrique Costela,20.0,8798.04,1986-09-09,fogacajoanaexample.net,1189.93,2024-07-16
41,Enrico Cavalcanti,30.0,,1999-04-01,cavalcantibrenda@example.com,1465.15,2024-07-29
42,Srta. Juliana Castro,39.0,9483.52,1993-04-28,garciabreno@example.com,665.17,2024-02-28
43,Marcela das Neves,64.0,8184.64,18/12/1987,pietroalves@example.net,2238.33,2024-02-20
44,João Lucas Ferreira,51.0,9367.39,1984-02-18,irocha@example.com,2738.41,2024-09-04
45,José Pedro Cavalcanti,39.0,6796.82,1980-04-17,breno19@example.com,3350.6,2024-03-31
46,Dr. Thomas Camargo,53.0,2581.95,1967-12-26,thomasaparecida@example.net,2160.19,2024-04-24
47,Zoe Rodrigues,18.0,4082.94,1989-01-15,emanuellalopes@example.org,1129.9,2024-09-06
48,Dr. Davi Silveira,,9160.04,2000-06-02,julia56@example.net,4000.52,2024-03-18
49,Gael Leão,120.0,3496.38,1985-08-10,vrocha@example.org,1621.06,2024-06-10
50,Nathan Novaes,74.0,6853.01,20/08/1987,allana36@example.net,1052.73,2024-06-08
51,Melina Rocha,67.0,9026.45,1957-03-07,yvieira@example.net,3914.26,2024-02-14
52,João Miguel Moraes,25.0,5379.93,1985-07-16,francisco34@example.org,4026.94,2024-07-31
53,Apollo Aparecida,64.0,9082.17,1959-02-22,xpimenta@example.org,2191.03,2024-04-29
54,Evelyn Silva,71.0,6920.12,1987-08-03,pguerra@example.org,3852.49,2024-06-21
55,Cauê Vasconcelos,38.0,9090.73,1970-07-03,rafaelamartins@example.org,494.83,2024-05-26
56,Rafael Carvalho,47.0,5034.08,1994-03-17,luisa98@example.com,1113.49,2024-08-06
57,Melissa Castro,42.0,5554.33,1990-07-27,qmachado@example.org,4719.43,2024-08-08
58,Vicente Mendonça,120.0,6627.65,1983-03-16,lunna14@example.org,1180.64,2024-03-12
59,Sr. Davi Miguel Cassiano,,5472.82,10/09/1999,pauloazevedo@example.com,725.38,2024-04-17
60,Ana Liz Costela,26.0,8868.24,1996-03-10,lvargas@example.net,990.47,2024-01-06
61,Maria Helena Mendes,,,1944-02-02,ana-cecilia66@example.net,1336.13,2024-07-15
62,Hellena Mendonça,67.0,,1957-07-17,bmendonca@example.com,297.26,2024-03-29
63,Maria Luiza Silveira,25.0,6293.74,1954-02-11,ncardoso@example.net,1168.03,2024-01-08
64,Amanda Barros,70.0,2892.01,1984-03-18,maria-eduardacirino@example.org,1624.09,2024-03-09
65,Sr. Rafael Duarte,30.0,2145.97,1964-12-24,wda-mota@example.com,3484.01,2024-03-07
66,Ravy Almeida,80.0,6310.43,20/05/2022,ferreirapietro@example.net,301.24,2024-01-19
67,Arthur da Cruz,49.0,2397.08,1956-04-11,pintoleandro@example.org,4807.86,2024-02-03
68,Bruna Nunes,35.0,6735.26,2003-06-05,qsampaio@example.com,4606.13,2024-02-14
69,Bruna Vasconcelos,77.0,2236.63,08/09/2019,henrique90@example.com,4419.99,2024-05-31
70,Maria Laura Silva,29.0,5644.17,1956-03-18,gustavosampaio@example.com,1838.64,2024-08-11
71,Bárbara Vieira,30.0,2227.71,2005-09-13,ferreirasophia@example.com,3628.37,2024-06-22
72,Thiago Ramos,23.0,4001.0,1965-03-20,gmendonca@example.com,2081.57,2024-09-09
73,Natália Santos,53.0,4311.73,1953-05-10,rebecarezende@example.com,3543.99,2024-06-10
74,Rafaela Martins,66.0,7366.39,1971-02-28,ayla31@example.com,1038.55,2024-08-19
75,Ravi Nunes,,3150.0,1982-03-03,bfernandes@example.com,1214.67,2024-08-11
76,Ryan Cunha,120.0,9524.76,1966-01-26,carolina49@example.net,3225.56,2024-08-19
77,Alexia Moreira,,3646.07,2003-06-12,da-costajoana@example.com,4322.44,2024-05-26
78,Renan Ramos,69.0,6284.14,1988-07-25,bvieira@example.org,1588.79,2024-03-18
79,Isabelly das Neves,51.0,4733.21,1985-07-19,maria-julia88@example.com,4551.67,2024-04-21
80,Dra. Luísa Fogaça,24.0,9554.52,1987-12-31,ana-laura43example.org,1118.16,2024-07-08
81,Sr. Vitor Gabriel Teixeira,46.0,,1987-03-14,pedrosousa@example.com,2402.57,2024-03-13
82,Valentina Peixoto,34.0,8196.54,1961-07-19,correiaana-carolina@example.org,3162.78,2024-04-04
83,Anthony Gabriel Santos,70.0,2709.01,1977-05-14,caleb08@example.com,392.23,2024-07-02
84,Samuel Caldeira,37.0,999999.99,1998-09-13,maria-isis77@example.com,4719.11,2024-02-18
85,José Mendes,19.0,2276.28,1950-11-27,guerramariane@example.org,4813.36,2024-05-31
86,Ana Júlia Cassiano,20.0,7986.43,1953-02-12,enzo-gabriel31@example.net,958.43,2024-07-20
87,Heloisa Vasconcelos,80.0,2275.56,1976-08-21,tmacedo@example.net,1805.01,2024-09-17
88,Bento Pimenta,,,2004-03-16,teixeiraoliver@example.net,3826.45,2024-02-25
89,Anna Liz Castro,70.0,9899.01,1958-10-30,castroandre@example.com,3322.54,2024-04-28
90,Olivia da Rocha,66.0,1938.7,23/06/1984,alexia71@example.net,1408.58,2024-03-02
91,Fernanda Lima,69.0,3534.03,1950-12-13,kaiqueda-mata@example.org,876.05,2024-01-19
92,Leandro Peixoto,25.0,7005.53,1990-11-26,luna17@example.net,854.46,2024-03-20
93,Júlia Montenegro,47.0,6185.75,1977-09-26,mbarros@example.org,1979.57,2024-08-21
94,Sra. Isis Alves,,4388.94,1949-06-21,teixeiravitor-gabriel@example.net,3959.82,2024-01-11
95,Ravy Moreira,73.0,2763.06,1984-10-05,luiz-miguel96@example.net,2739.04,2024-08-02
96,Ravy Ferreira,62.0,3529.85,1969-06-11,gustavo-henrique25@example.com,1976.56,2024-07-01
97,Murilo Teixeira,60.0,8235.35,1978-05-17,uborges@example.com,3294.89,2024-03-26
98,Sophie Abreu,72.0,5242.6,1985-02-24,djesus@example.org,2677.16,2024-05-16
99,Sara Pires,,3752.69,1971-07-26,costelavitor@example.net,3153.97,2024-02-04
100,Pedro Lucas Sampaio,,7609.1,1974-04-03,piresrhavi@example.net,3821.07,2024-02-11
101,Alice Novaes,65.0,2268.22,1969-06-03,ianmartinsexample.org,4893.85,2024-06-19
102,Theo Silva,38.0,8267.22,1962-02-08,kamilly77@example.org,1537.5,2024-04-30
103,Matheus Correia,23.0,6680.68,2001-10-18,davi-miguelda-mota@example.com,1974.47,2024-03-30
104,Juliana Abreu,60.0,1579.88,1961-07-15,mariana27@example.net,4042.7,2024-05-07
105,Dr. Rafael Duarte,58.0,9677.25,1998-07-03,hadassada-conceicao@example.com,3482.54,2024-01-12
106,Sra. Maria Helena Gomes,40.0,6385.9,2005-12-27,mayaandrade@example.org,4964.19,2024-05-12
107,Luísa Brito,65.0,9775.62,1998-10-16,hbrito@example.com,4562.02,2024-01-05
108,Nicolas Rezende,32.0,6911.25,2004-10-28,melovinicius@example.com,3142.37,2024-06-12
109,Anna Liz Farias,59.0,,1997-06-01,odias@example.net,3964.19,2024-08-21
110,Ágatha Andrade,30.0,2623.36,1982-08-14,aliciada-conceicao@example.net,2743.1,2024-01-24
111,Carlos Eduardo Macedo,48.0,9722.76,1954-03-14,benjamin05@example.org,1546.19,2024-03-18
112,Dr. Diogo da Cruz,61.0,7655.84,07/12/1990,luigicavalcanti@example.org,4901.72,2024-06-09
113,Isabella Monteiro,47.0,4632.98,2001-03-24,ravimartins@example.net,3770.16,2024-03-07
114,Anthony Martins,57.0,9016.0,2000-06-29,diogomacedo@example.com,2850.9,2024-09-16
115,Otávio Sales,44.0,,1959-06-23,miguel67@example.org,322.2,2024-03-03
116,Maria Alice Oliveira,41.0,7199.13,1962-05-11,augusto64@example.org,3741.39,2024-05-28
117,Ana Julia Pereira,49.0,6733.04,1990-08-31,raul95@example.org,4701.36,2024-06-16
118,Isis Rocha,80.0,7328.28,1991-04-27,gaelpires@example.net,2767.88,2024-01-11
119,Ana Beatriz Pacheco,47.0,2279.22,1966-09-14,fernandoda-rocha@example.com,1139.32,2024-07-15
120,Guilherme Cardoso,31.0,2083.19,1993-04-08,sofia84@example.org,3849.27,2024-03-08
121,Laís Souza,18.0,3856.84,1998-07-21,martinsdom@example.org,4921.74,2024-07-17
122,Miguel Novais,40.0,8214.87,1966-10-05,qalbuquerque@example.net,1265.86,2024-02-02
123,Dr. Mateus Porto,48.0,5310.34,2002-12-16,rocharavi-lucca@example.com,1873.99,2024-01-07
124,Lunna Pimenta,,5932.34,1957-08-30,portomaria-fernanda@example.net,2344.41,2024-03-20
125,Bruna Carvalho,76.0,5270.28,1946-07-29,da-rosamarina@example.org,4506.41,2024-01-26
126,Catarina Gomes,42.0,9954.34,1972-04-18,vpastor@example.net,2699.73,2024-02-10
127,Beatriz Mendonça,67.0,6186.35,1982-07-03,benicio53@example.com,4340.91,2024-04-26
128,Luiz Miguel Brito,38.0,5127.49,2005-07-08,yasmin50@example.com,3359.03,2024-03-13
129,Rafael Borges,,7829.01,1985-06-21,aragaobrenda@example.org,1925.97,2024-09-17
130,Gabrielly Azevedo,73.0,7155.39,1995-12-30,pedroda-conceicao@example.com,3776.39,2024-07-22
131,Agatha da Mota,31.0,2815.21,1997-10-18,jose-pedronogueira@example.com,2462.73,2024-07-29
132,Apollo Cardoso,45.0,999999.99,08/12/1976,aylaalmeida@example.org,4875.28,2024-03-10
133,Valentina Camargo,66.0,,1990-09-11,xmachado@example.com,1765.14,2024-05-14
134,Rael Montenegro,19.0,2279.94,1957-09-04,siqueiraraquel@example.com,2699.37,2024-04-30
135,Bento Mendes,56.0,2222.13,1997-02-05,grodrigues@example.com,357.78,2024-07-06
136,Ana Sophia Barros,46.0,5020.56,1964-01-05,davi-luccacardoso@example.com,1156.29,2024-06-13
137,Lunna Garcia,,1886.05,2006-05-19,maria89@example.com,2036.79,2024-01-27
138,Srta. Helena Lopes,38.0,2519.87,1972-03-01,juliafernandes@example.com,2537.19,2024-04-14
139,Srta. Luara Lima,,,1963-05-29,evelyn27@example.org,4322.65,2024-01-24
140,Caleb Lopes,63.0,6941.2,1949-10-20,jose-pedro80@example.net,1518.62,2024-09-08
141,Luísa Rios,41.0,2249.1,1951-06-02,lavinia04@example.net,4237.97,2024-03-23
142,Thiago Cunha,39.0,8122.5,1953-06-19,gcamara@example.com,474.26,2024-08-10
143,Sr. João Lucas Oliveira,59.0,8427.81,1957-12-19,xnovais@example.net,1257.72,2024-06-10
144,Amanda Pereira,67.0,6837.56,2002-04-02,benjamin24@example.net,2373.37,2024-07-19
145,Dr. André Cirino,,8846.1,1998-07-09,jazevedo@example.net,3173.37,2024-06-15
146,Caleb Souza,50.0,,1977-02-19,dleao@example.com,2362.54,2024-02-11
147,Luan Vasconcelos,56.0,5810.08,2003-01-10,aragaoleonardo@example.org,2367.29,2024-07-17
148,Bruno da Mata,38.0,6642.55,1971-08-20,mmendonca@example.com,2556.7,2024-04-18
149,Théo Camargo,59.0,2966.75,1965-06-18,da-pazmariah@example.net,1313.94,2024-06-24
150,Henry Gonçalves,44.0,,2005-09-27,abreunicolas@example.com,3426.6,2024-09-05
151,José Miguel da Rocha,34.0,7651.74,1964-05-22,monteirolorena@example.org,3317.16,2024-02-03
152,Heloísa Montenegro,79.0,7076.47,1978-12-01,diego60@example.com,3344.46,2024-01-05
153,Levi Oliveira,26.0,7195.99,1970-10-06,osantos@example.com,4161.9,2024-03-17
154,Alícia Duarte,41.0,4125.36,1954-07-18,xsales@example.org,4760.73,2024-04-24
155,Joaquim Lopes,120.0,2359.7,1980-10-25,goncalvesana-luiza@example.net,3877.29,2024-03-30
156,Sr. Breno Moraes,27.0,2879.1,1983-08-12,ceciliaferreira@example.net,4173.59,2024-09-09
157,Clara da Costa,33.0,9741.5,1950-03-12,miguel29@example.org,3091.92,2024-07-18
158,Ana Vitória Cavalcanti,75.0,8598.46,2003-08-26,wmartins@example.net,1902.42,2024-07-18
159,Luna Pires,79.0,2877.49,1963-08-20,eazevedo@example.com,1078.52,2024-06-15
160,Benjamin Fogaça,63.0,8690.08,1975-09-06,maria-eduarda70@example.org,4270.71,2024-04-06
161,Breno Ramos,78.0,9239.29,1998-03-02,pimentanatalia@example.com,4101.85,2024-05-01
162,Ana Cecília Machado,23.0,4686.76,2000-12-27,aurorapereira@example.com,238.12,2024-05-11
163,Rael Caldeira,71.0,5515.87,15/12/1993,enzo-gabriel82@example.org,4172.44,2024-03-06
164,Valentina Moreira,27.0,6164.84,24/02/2007,esther46@example.com,3663.45,2024-07-22
165,Lucas Gabriel Azevedo,68.0,6793.89,1964-06-27,qda-paz@example.net,407.76,2024-08-11
166,Clarice Farias,36.0,5148.53,1948-11-07,claradas-neves@example.net,3112.57,2024-07-02
167,Caroline Peixoto,,999999.99,1988-05-16,das-nevesfernanda@example.net,3953.42,2024-07-27
168,Vinicius Borges,19.0,4535.3,1984-06-01,xmoraes@example.org,431.04,2024-04-05
169,Heitor Fernandes,40.0,6141.12,2003-06-03,ocorreia@example.org,4086.19,2024-02-10
170,Carlos Eduardo Montenegro,22.0,,1992-04-13,ribeirobarbara@example.net,4723.67,2024-02-04
171,Daniela Castro,43.0,9907.54,1955-02-10,lunaaparecida@example.com,2760.85,2024-04-05
172,Srta. Melina Pimenta,39.0,3822.34,1961-09-01,ida-conceicao@example.org,4016.78,2024-03-22
173,Evelyn Freitas,62.0,5728.95,1986-06-14,xmartins@example.com,4629.12,2024-07-23
174,Vitória Leão,52.0,3997.01,2004-08-04,joao-guilhermeda-cunha@example.org,602.73,2024-06-17
175,Sr. Valentim Campos,46.0,1860.02,1961-09-04,yagomachado@example.net,4363.18,2024-02-08
176,Ayla Câmara,150.0,4952.79,1995-03-04,benjamim60@example.com,2614.12,2024-05-12
177,Matheus Barros,33.0,8117.38,1967-05-04,diasgael-henrique@example.net,1895.01,2024-06-19
178,Davi Miguel Andrade,66.0,2153.53,03/09/2003,isampaio@example.net,774.71,2024-05-03
179,Antony da Cunha,51.0,4789.39,1957-04-21,agathasiqueira@example.net,2852.2,2024-05-18
180,João Pedro da Costa,49.0,,1962-09-09,da-costalarissa@example.net,765.07,2024-07-27
181,Ana Luiza Camargo,38.0,7176.64,1996-06-06,ipeixoto@example.org,3576.75,2024-06-15
182,Isabella Silva,29.0,8246.42,17/10/1992,nabreu@example.com,2592.9,2024-03-04
183,Antonella Moura,41.0,5472.95,2005-02-13,mourayasmin@example.net,4916.76,2024-07-25
184,Alícia Gomes,44.0,,1998-09-27,portohellena@example.com,4134.36,2024-03-07
185,Luiz Henrique Viana,74.0,8546.96,1947-12-22,gustavo-henriquevargas@example.net,2801.39,2024-07-12
186,Sr. Augusto Fogaça,51.0,2800.63,1978-02-12,maria-fernandasampaio@example.com,906.82,2024-06-15
187,Benício Silva,34.0,3168.57,1992-08-13,sandrade@example.org,4786.12,2024-01-12
188,Asafe Dias,55.0,2810.65,2002-07-09,enogueiraexample.com,3327.79,2024-01-10
189,Esther da Paz,20.0,9562.65,20/02/1990,rezendebianca@example.com,3878.01,2024-02-02
190,Maysa Gomes,52.0,3962.21,1965-01-28,maysasales@example.com,4787.59,2024-04-06
191,Juliana Barros,46.0,5032.78,1989-07-10,lopesluiz-miguel@example.net,2375.77,2024-03-18
192,Bruno Duarte,43.0,2611.51,1985-05-10,maite96@example.org,1915.65,2024-06-30
193,Dr. Asafe Siqueira,36.0,9535.77,1998-07-13,luara40@example.org,4334.4,2024-06-25
194,Maria Clara Moraes,30.0,999999.99,1994-03-10,bentocasa-grande@example.net,2541.5,2024-06-27
195,Ana Beatriz Cardoso,31.0,6458.42,1947-12-15,eloa69example.org,338.42,2024-06-08
196,Milena Freitas,24.0,5162.89,1967-02-26,oliveirajoao-guilherme@example.net,4424.03,2024-04-06
197,Dr. Josué Camargo,53.0,3953.11,1945-05-08,melinamoreira@example.com,1993.11,2024-08-28
198,João Vasconcelos,24.0,4848.18,1960-02-12,ncunha@example.com,3995.0,2024-07-01
199,Gabriela Campos,20.0,1830.77,1952-04-08,machadoluiz-felipe@example.net,3596.6,2024-04-27
200,Liam Rios,38.0,2881.27,1965-08-09,novaesvitoria@example.com,4954.02,2024-08-22
201,Erick Vieira,37.0,5536.59,1966-06-29,joaquimcosta@example.org,181.52,2024-03-03
202,Amanda Fonseca,58.0,1726.5,1978-08-15,maria-helena82@example.net,2425.49,2024-08-20
203,Leonardo Gonçalves,28.0,5955.97,2006-09-10,amoura@example.com,3633.8,2024-08-04
204,Davi Lucas Dias,30.0,1660.97,1984-03-08,rmartins@example.net,1637.09,2024-03-31
205,Emilly Vargas,65.0,7682.92,2004-08-04,dmontenegro@example.org,3558.3,2024-05-16
206,Enzo Castro,47.0,9253.06,1964-01-17,ceciliamoreira@example.com,1777.4,2024-08-10
207,Gael Henrique Porto,30.0,9637.37,2003-12-20,jose49@example.net,1467.13,2024-01-25
208,Eloá Pastor,49.0,4194.85,2003-01-15,luigiribeiro@example.net,1809.14,2024-07-08
209,Maitê Nunes,150.0,4853.53,1946-04-24,barroscaleb@example.net,1791.16,2024-07-21
210,Gustavo Henrique Vargas,65.0,5572.17,1979-10-06,monteirozoe@example.com,1090.13,2024-06-17
211,Rodrigo da Cruz,33.0,1931.51,1994-05-31,dda-rosa@example.org,4535.4,2024-06-30
212,Pedro Lucas Leão,26.0,1544.04,1974-03-24,carolinapereira@example.org,2796.73,2024-03-23
213,Sra. Manuella Guerra,79.0,,1951-12-16,olivia81@example.com,1498.54,2024-03-04
214,João Felipe Machado,20.0,9262.45,1959-05-03,aragaoamanda@example.com,957.82,2024-08-15
215,Isadora Castro,,7866.53,1994-12-19,mateus27@example.net,4374.22,2024-05-02
216,Theo Almeida,47.0,9907.35,1949-05-23,dmontenegro@example.org,2762.17,2024-02-26
217,Sr. Benicio da Paz,,7714.51,1974-11-24,ida-paz@example.org,3276.6,2024-08-10
218,Catarina da Luz,57.0,8777.25,1989-07-20,cfonseca@example.com,4495.51,2024-01-14
219,Evelyn Fonseca,38.0,9454.52,1978-07-28,gomesmirella@example.com,133.47,2024-07-20
220,Dante Cardoso,34.0,,2005-02-23,yfreitas@example.com,3494.57,2024-05-26
221,Sr. Gael Henrique Pereira,63.0,8043.65,1975-10-17,aparecidabreno@example.org,3482.42,2024-07-06
222,Stella Marques,47.0,7855.75,1953-02-06,beatrizpimenta@example.com,3068.12,2024-02-12
223,Letícia Pastor,33.0,7282.91,1964-11-28,ksantos@example.com,3019.49,2024-05-04
224,Léo Farias,71.0,6155.02,1986-03-02,tpacheco@example.net,2576.89,2024-08-17
225,Amanda Peixoto,,5655.04,1973-08-13,cauapacheco@example.com,4504.56,2024-02-14
226,Maria Helena Casa Grande,61.0,8358.78,14/01/1971,beniciooliveira@example.net,3644.07,2024-01-29
227,Dr. Dom Jesus,22.0,6099.89,1987-03-22,xmontenegro@example.net,395.25,2024-08-30
228,Dra. Ana Liz Santos,59.0,9815.83,1952-06-01,ayllaribeiro@example.com,3264.82,2024-05-18
229,Sr. Raul Nascimento,61.0,9695.23,1965-04-14,vinicius97@example.org,4385.31,2024-09-08
230,Kaique Câmara,80.0,,2003-01-12,alicia37@example.com,117.02,2024-05-06
231,Kamilly da Paz,33.0,999999.99,1951-05-25,wgoncalves@example.org,860.09,2024-03-17
232,Bruno Ferreira,,1632.99,02/10/2000,maria-luiza33@example.net,1109.8,2024-03-12
233,Davi Miguel Caldeira,43.0,5231.18,1982-07-04,ryanaragao@example.net,2744.82,2024-08-26
234,Igor Aragão,54.0,4210.68,1950-01-11,maria-julia12@example.org,3029.8,2024-09-10
235,Nicolas Rezende,37.0,3838.81,2002-08-17,pmendesexample.org,2827.92,2024-07-17
236,Lorenzo da Paz,40.0,9503.48,1984-05-29,rezenderavi@example.net,3389.58,2024-07-13
237,Erick Leão,48.0,3548.23,1999-04-20,brayangoncalves@example.com,1204.19,2024-02-18
238,Sra. Ana Carolina Albuquerque,51.0,2639.79,1962-07-08,fariasalice@example.com,1290.01,2024-09-17
239,Valentina Monteiro,,1938.06,1999-09-28,mirellamartins@example.com,1948.12,2024-02-20
240,Lucas Castro,-5.0,5574.85,1989-10-11,marcelo05@example.com,4360.42,2024-05-29
241,Erick Pimenta,48.0,9272.75,1997-08-27,glima@example.com,3508.57,2024-01-23
242,Aylla Cirino,59.0,4553.71,2005-07-25,pduarte@example.org,1381.65,2024-03-09
243,Pietro Sá,76.0,999999.99,1960-07-15,ana-julia99@example.org,1633.32,2024-03-09
244,Sr. Bento Rios,32.0,4728.64,1951-03-02,liam68@example.net,4183.48,2024-07-21
245,Srta. Laís Freitas,59.0,7786.55,1982-06-10,joao-felipemendes@example.org,2358.06,2024-04-29
246,Maria Fernanda Leão,,-100.0,1987-12-10,isa@example.net,2667.33,2024-08-05
247,Bruno Moura,32.0,2077.73,1971-11-12,eduardo91@example.org,840.05,2024-08-05
248,Gabriela Oliveira,,5646.76,1977-07-12,beatrizmoreiraexample.com,132.4,2024-01-31
249,Samuel Borges,70.0,7431.8,2000-05-07,daraujo@example.org,2209.81,2024-05-14
250,Ana Laura Novais,34.0,8429.32,1972-11-05,augusto64@example.org,1409.89,2024-07-15
251,Ana Sophia Aparecida,120.0,8538.53,1970-05-30,nogueiradante@example.org,495.02,2024-09-16
252,Ana Beatriz da Paz,18.0,7474.18,1969-06-23,laurafreitas@example.com,505.16,2024-04-27
253,Maria Flor Barros,76.0,-100.0,1986-09-24,ceciliacampos@example.org,1135.94,2024-09-18
254,Vitória Cardoso,52.0,6289.83,1989-07-28,andresa@example.org,261.22,2024-09-14
255,Ísis Lima,43.0,9395.44,1977-03-25,thalesmarques@example.com,1566.46,2024-02-10
256,Daniel Andrade,65.0,2689.58,1994-09-18,xpimenta@example.org,4943.54,2024-03-04
257,Carlos Eduardo Peixoto,39.0,6643.93,1945-10-31,da-cruzcaio@example.com,3107.94,2024-04-25
258,Helena Sá,32.0,4524.4,1998-02-18,carvalhomilena@example.com,4711.6,2024-03-02
259,Dra. Luiza Oliveira,63.0,2124.81,1981-05-21,renan42@example.net,1413.06,2024-05-17
260,Letícia da Mota,78.0,4120.27,1947-07-23,leticianovais@example.com,1863.6,2024-01-13
261,Dr. Vinicius Dias,19.0,999999.99,1987-08-02,tcassiano@example.com,2815.68,2024-02-18
262,Olívia da Costa,75.0,6256.06,1997-03-24,joao-pedro70@example.net,4964.38,2024-04-18
263,Vitória Carvalho,27.0,2037.77,1968-03-09,nicolas51@example.com,2229.91,2024-08-10
264,Vitor Gabriel Silveira,,6741.68,1995-12-21,da-matagabriela@example.net,2343.52,2024-06-08
265,Brayan Correia,46.0,4345.26,1994-05-30,maria-luizacostela@example.com,4095.83,2024-03-20
266,Heitor Correia,38.0,3009.92,2004-04-30,souzamaria-luiza@example.org,2051.37,2024-07-01
267,Srta. Maria Laura da Costa,35.0,8440.2,1978-07-01,gabrielly78@example.net,2025.38,2024-04-04
268,Luiz Miguel Moraes,78.0,7681.31,1999-05-03,zbrito@example.net,4720.58,2024-05-03
269,Sr. Léo Dias,61.0,5744.08,1969-10-17,joao-vitoralmeida@example.com,3203.35,2024-05-25
270,Maria Vitória da Rocha,48.0,999999.99,1953-04-27,raul69@example.org,2718.4,2024-05-11
271,Maitê da Cunha,56.0,6924.53,17/03/1979,psilveira@example.net,516.41,2024-05-09
272,Sr. Davi Miguel Silveira,61.0,6997.32,1978-02-24,vitoriaramos@example.org,4837.37,2024-05-17
273,Benicio Teixeira,53.0,6434.41,1944-02-13,raviazevedo@example.net,2918.65,2024-02-09
274,Thiago Marques,,5603.55,1967-03-25,fribeiro@example.org,1547.62,2024-01-02
275,Maria Sophia Albuquerque,68.0,3258.37,1944-10-08,stella40@example.net,2466.34,2024-08-01
276,Marina Cavalcanti,25.0,1691.97,1950-06-17,mourakaique@example.org,1781.08,2024-02-20
277,Isis Fogaça,39.0,6258.72,1960-07-23,xbarrosexample.com,4796.47,2024-04-30
278,Henry Gabriel da Rosa,,9006.33,1986-10-24,rezendebenicio@example.org,2302.92,2024-04-16
279,Olívia Araújo,54.0,2364.89,1983-11-01,enzomonteiro@example.com,4372.7,2024-06-18
280,Sr. Vinícius Aparecida,58.0,4163.93,1958-03-12,cda-mata@example.org,2004.33,2024-06-29
281,Yago Nunes,69.0,,1985-03-06,ana-vitoriaalmeida@example.org,3110.97,2024-06-03
282,Sra. Ana Vitória da Rosa,50.0,4801.94,1953-12-14,heloisarocha@example.net,3022.49,2024-03-28
283,Srta. Anna Liz Montenegro,29.0,6216.76,1990-09-06,caue16example.org,2499.25,2024-08-08
284,Dr. Luan Alves,26.0,3158.59,1983-09-01,omendonca@example.com,1981.33,2024-05-25
285,Marina Cirino,28.0,2202.7,1986-07-16,xbarros@example.net,251.22,2024-03-18
286,Brayan Barros,65.0,8066.65,1960-08-07,ysilva@example.net,2527.04,2024-02-10
287,Luiza Fonseca,66.0,1853.69,1950-06-06,das-neveslivia@example.com,3623.0,2024-07-19
288,Davi Lucca Borges,20.0,5322.72,1955-07-11,jnovais@example.net,1808.03,2024-04-17
289,Caio Fogaça,55.0,7357.64,1978-08-20,helena04@example.com,4319.14,2024-04-11
290,Joaquim Oliveira,54.0,4481.93,1976-07-19,icavalcante@example.com,1477.32,2024-03-20
291,Clara Azevedo,75.0,7274.04,1954-04-02,laura47@example.org,566.6,2024-04-04
292,Thales Peixoto,73.0,2627.87,1982-07-27,icaldeira@example.com,816.59,2024-01-02
293,Lívia Pinto,58.0,5020.91,1967-08-26,lunna56@example.net,2314.76,2024-09-13
294,Kaique Duarte,41.0,5364.91,1981-09-20,maria-luizadias@example.org,2491.42,2024-09-10
295,Dr. Samuel Oliveira,62.0,4544.89,1992-12-25,fernanda46@example.com,410.32,2024-01-30
296,Gabriela Pastor,39.0,6152.14,05/10/2008,isisalves@example.net,739.91,2024-05-01
297,Lavínia Sales,120.0,5406.44,1948-01-28,frocha@example.org,708.76,2024-06-15
298,José Ribeiro,,4065.86,1953-06-05,yvieira@example.org,4384.67,2024-04-28
299,Pietra Pacheco,21.0,4868.9,13/06/2014,cnogueira@example.com,1597.0,2024-07-03
300,Antonella Caldeira,,6546.28,1992-02-29,lucas-gabriel90@example.net,2645.28,2024-09-15
301,Maria Liz Sá,48.0,2102.04,1964-08-10,acaldeira@example.org,1977.04,2024-03-09
302,Stella Novais,,8933.23,1980-04-16,maitefreitas@example.com,3243.72,2024-05-01
303,Sarah Cassiano,31.0,6838.68,1965-06-14,mendesgustavo-henrique@example.com,841.73,2024-04-19
304,Danilo Siqueira,55.0,7705.08,1952-08-23,caroline73@example.net,1822.52,2024-05-07
305,Aylla Macedo,64.0,6664.54,1989-03-15,edias@example.com,3916.95,2024-01-12
306,Srta. Alícia Fernandes,65.0,4829.88,1984-07-16,ryanmoreira@example.org,3266.23,2024-05-25
307,Dr. Ravi da Conceição,22.0,5990.44,1993-12-23,marceloporto@example.net,4890.72,2024-04-23
308,Gael Henrique Machado,,-100.0,02/03/2011,tabreu@example.org,2407.97,2024-02-24
309,Cauã Nascimento,68.0,4882.79,1955-07-01,matteo71@example.com,1503.79,2024-06-25
310,Vitória Porto,27.0,3858.48,1963-06-18,zpimenta@example.net,1618.54,2024-01-31
311,Dr. Erick Rocha,71.0,7023.64,1988-03-12,enzo-gabriel25@example.org,3251.46,2024-03-03
312,Fernando Freitas,25.0,5353.66,1987-05-28,mleao@example.org,3083.28,2024-05-31
313,Ester Mendonça,28.0,5719.51,1983-10-03,lucas-gabrielmendonca@example.com,1798.86,2024-02-06
314,Dr. Benjamim Fogaça,64.0,,2003-09-07,mcarvalho@example.com,3880.01,2024-09-10
315,Sabrina Jesus,22.0,,1986-11-08,csantos@example.com,2602.83,2024-02-13
316,Ana Vieira,,7643.62,1991-08-31,benicio43@example.net,1219.18,2024-03-16
317,Sabrina Novaes,27.0,,1975-11-25,da-matayasmin@example.com,4805.68,2024-05-22
318,Pedro Lucas Nogueira,76.0,,1957-06-26,vcaldeira@example.net,1429.16,2024-07-16
319,Arthur Gabriel Machado,80.0,1890.39,1960-04-10,macedoisaac@example.org,2064.53,2024-02-25
320,Dra. Marcela Santos,41.0,3205.7,1982-03-01,ncavalcante@example.org,2862.65,2024-07-25
321,Bento Nunes,30.0,999999.99,1965-10-26,stephany25@example.net,2778.14,2024-03-17
322,Juliana Moraes,18.0,9583.42,2005-10-21,carvalhojuliana@example.org,107.16,2024-09-18
323,Carolina Sampaio,-5.0,9670.07,1998-04-13,joao-vitorsilva@example.com,4865.54,2024-08-05
324,Maria Júlia Mendonça,41.0,5396.89,1952-09-03,kamilly67@example.org,3764.71,2024-06-15
325,Nathan Moraes,60.0,9695.86,1990-12-15,maria75@example.net,1260.18,2024-01-01
326,Srta. Natália Porto,35.0,3485.7,1985-07-23,davi-lucas86@example.org,4723.42,2024-09-11
327,Thales da Mata,25.0,6055.36,1964-01-22,barbara89@example.org,4826.71,2024-05-28
328,Manuela Rodrigues,70.0,7489.99,1991-09-28,britomaria-clara@example.org,3056.18,2024-02-02
329,Pedro Lucas Marques,,7256.06,1943-10-05,scosta@example.org,1374.82,2024-08-20
330,Emanuel da Mota,,2366.21,1949-08-06,theodoro15@example.net,3989.67,2024-08-25
331,Benjamim Gonçalves,61.0,-100.0,1983-02-17,lizrezende@example.org,3258.96,2024-07-04
332,Heitor Mendes,120.0,2594.73,1948-08-17,rafaelarodrigues@example.com,4534.88,2024-01-03
333,Sra. Bárbara Lima,64.0,4857.49,1987-06-11,obarbosa@example.com,244.46,2024-01-24
334,Cauã Dias,20.0,6719.91,1966-11-15,joao-guilherme62@example.net,3123.19,2024-09-18
335,Bernardo Moura,44.0,3195.39,1979-03-16,lunnaferreira@example.net,4434.8,2024-02-26
336,Srta. Maria Sophia Pimenta,40.0,5577.32,06/04/2002,erickbrito@example.org,3929.03,2024-07-16
337,Marcela Lima,19.0,,1963-07-14,thalesda-mota@example.net,3914.84,2024-01-23
338,Larissa Vasconcelos,24.0,3606.78,2003-01-07,ribeiroana-julia@example.org,1281.65,2024-05-16
339,Esther Souza,80.0,8277.82,1968-05-25,vianarhavi@example.com,1838.54,2024-04-11
340,Theo Porto,76.0,6528.28,1981-02-18,fonsecaanna-liz@example.org,3546.92,2024-04-11
341,Mariah Fonseca,,5683.93,1978-02-20,maria-juliavargasexample.org,1614.36,2024-01-05
342,Anthony Gabriel da Luz,76.0,6720.15,1957-04-23,vieiraisabella@example.net,4051.58,2024-03-16
343,Dra. Maria Vitória Lima,63.0,9296.41,1987-12-07,portostella@example.net,3894.4,2024-06-11
344,Bryan das Neves,24.0,4360.77,1948-09-11,leonardonascimento@example.com,1680.76,2024-04-12
345,Ana Luiza das Neves,63.0,9734.31,1987-09-26,daniloda-cruz@example.org,3498.45,2024-08-31
346,Rafael Pimenta,62.0,,1982-01-27,luiz-fernando10@example.net,970.77,2024-02-06
347,Enrico Monteiro,29.0,6620.3,2003-10-04,lucas-gabriel52@example.net,4613.09,2024-07-24
348,Dante Vargas,33.0,4447.89,2000-05-30,liz48@example.org,1665.64,2024-03-10
349,Ana Vitória Monteiro,18.0,999999.99,1972-05-24,daniel79@example.org,1322.75,2024-04-06
350,Cauã Oliveira,28.0,9018.69,1986-03-10,da-conceicaonicole@example.org,2516.1,2024-01-12
351,Joaquim Aparecida,120.0,3417.45,1973-06-09,lcassiano@example.org,2311.31,2024-05-25
352,Dra. Mariah Câmara,42.0,2867.69,1963-12-28,usilveira@example.com,467.51,2024-08-05
353,Maria Fernanda Campos,45.0,9510.76,1975-05-07,cavalcantipietro@example.net,908.49,2024-09-15
354,Ana Lívia Martins,64.0,9367.38,1998-04-12,beatriz18@example.com,2746.61,2024-01-03
355,João Vitor Nunes,21.0,4567.05,06/08/2024,maria-fernandafreitas@example.net,2195.27,2024-09-12
356,Yago Teixeira,36.0,9804.99,1993-11-12,anthony-gabrieljesus@example.org,2420.5,2024-03-02
357,Sr. Lucas Gabriel Abreu,42.0,3071.49,1991-07-13,usousa@example.com,4438.91,2024-01-28
358,Isabela Leão,21.0,,1974-09-19,casa-grandealana@example.org,3512.71,2024-01-12
359,Vicente Jesus,21.0,8646.78,1987-11-15,maria-cecilia19@example.org,4110.19,2024-05-12
360,Maria Júlia Barbosa,23.0,,1981-01-03,lopesjose-pedro@example.org,4284.31,2024-03-17
361,Dr. Luan Dias,78.0,7936.1,1972-03-29,domcosta@example.org,947.11,2024-07-24
362,Bianca Cassiano,45.0,3216.31,1950-05-17,umartins@example.com,4130.56,2024-02-01
363,Sr. Rael das Neves,53.0,4877.52,1972-11-28,borgeslevi@example.net,1698.02,2024-03-21
364,Dra. Ana Cecília Cunha,44.0,2456.41,1996-05-19,juan13@example.com,833.25,2024-04-14
365,Kaique da Luz,68.0,3931.79,1995-05-21,bentoguerraexample.com,2724.6,2024-05-26
366,Isadora Brito,35.0,4925.28,1972-10-29,joaquimalbuquerqueexample.org,3129.4,2024-08-06
367,Davi Lucca Costa,48.0,,1995-08-11,enzo-gabriel99@example.com,4495.45,2024-08-29
368,Antônio Azevedo,24.0,9766.22,1956-03-05,fcardoso@example.com,1216.99,2024-02-02
369,Ana Julia Cavalcante,23.0,3097.45,2001-12-09,zsilveira@example.com,1135.81,2024-01-08
370,Mariane Cavalcanti,28.0,2057.74,1966-01-06,yanda-mota@example.com,3576.89,2024-08-20
371,Joaquim Ramos,30.0,8614.3,1962-04-23,enovaes@example.org,1322.5,2024-01-24
372,Cecilia Leão,58.0,9346.13,1956-04-13,yasminvieira@example.org,3437.75,2024-09-17
373,Sra. Pietra Nogueira,40.0,2889.87,1992-12-12,milena56@example.com,4483.01,2024-02-17
374,Sr. Arthur Vasconcelos,79.0,3321.71,1961-06-01,wmoura@example.net,1184.62,2024-09-19
375,Carlos Eduardo da Cruz,120.0,1575.63,1985-02-06,sophie03@example.net,4566.43,2024-08-10
376,Maria Cavalcanti,63.0,6963.29,1954-10-24,elisa90@example.net,2176.65,2024-07-03
377,Cecília Nunes,43.0,6468.14,2003-06-19,tnogueira@example.org,136.0,2024-05-08
378,Benjamin da Conceição,61.0,2418.89,1981-08-15,mouramaria-liz@example.org,412.8,2024-03-28
379,Gabriela Cardoso,,3101.06,1965-03-09,aylaaraujo@example.org,2634.74,2024-02-08
380,Srta. Brenda Moura,26.0,7630.91,07/07/1986,freitasisabela@example.net,3311.46,2024-01-27
381,Emanuel Siqueira,54.0,8436.12,2003-06-27,urezende@example.org,1781.52,2024-07-04
382,Maria Alice Câmara,37.0,8686.06,1985-08-24,gabrieladas-neves@example.net,4219.13,2024-06-30
383,Felipe Siqueira,66.0,9257.31,1943-10-31,kvargas@example.org,4739.92,2024-02-17
384,Sr. Cauã Monteiro,74.0,4316.2,1952-07-30,da-costacecilia@example.com,1376.74,2024-02-14
385,Lucas Gabriel Machado,22.0,5513.87,1944-06-08,theosales@example.org,1053.26,2024-04-02
386,Alexandre Aragão,30.0,4412.69,1968-01-12,acavalcante@example.com,4937.24,2024-08-19
387,Dr. Carlos Eduardo Mendes,,6863.78,1993-05-29,luanmachado@example.org,966.44,2024-07-29
388,Juan Almeida,49.0,8174.29,1963-10-18,barbosacarolineexample.org,3920.79,2024-08-21
389,Breno Novaes,52.0,,2003-01-20,fernandesmaria-sophia@example.net,1928.2,2024-01-09
390,Eloah Pereira,33.0,3423.26,1999-10-10,cauebritoexample.com,4397.23,2024-02-24
391,Nicolas Sampaio,78.0,3972.04,1978-08-17,alexia43@example.org,3666.38,2024-01-14
392,Rebeca Cassiano,-5.0,7875.98,1947-02-25,limaerick@example.com,907.93,2024-08-04
393,Pietra Costa,55.0,5789.39,1949-10-29,luigiporto@example.com,703.49,2024-09-13
394,Bruna das Neves,,9954.78,1993-03-01,qmendonca@example.com,3343.65,2024-01-24
395,Maria Julia Cirino,,7465.88,1967-02-03,lfreitas@example.com,1106.93,2024-01-12
396,Nina da Luz,62.0,2665.89,1957-12-21,davi21@example.org,4170.2,2024-06-24
397,Maria Sophia Sá,30.0,8112.65,1980-11-14,gomesrebeca@example.com,4174.34,2024-09-10
398,Olívia Oliveira,62.0,,1999-04-06,fda-rosa@example.com,1719.96,2024-08-25
399,Srta. Sarah Oliveira,23.0,8125.97,2000-06-12,isaquesa@example.com,467.74,2024-02-15
400,Heitor Correia,21.0,,1951-09-01,rbarros@example.com,956.04,2024-02-23
401,Clara Peixoto,66.0,9067.48,1959-12-19,borgeshellena@example.net,147.39,2024-04-14
402,Dr. Vicente Marques,64.0,2290.09,2001-07-01,vianarebeca@example.com,4093.33,2024-01-30
403,Diogo Nunes,69.0,5084.79,1980-10-03,caldeiraguilherme@example.com,4442.01,2024-08-16
404,Dr. João Gomes,76.0,6521.38,31/10/2003,landrade@example.com,4031.1,2024-04-15
405,Maria Liz Andrade,71.0,7681.87,1968-08-26,renan07@example.com,4469.64,2024-08-23
406,Lucca Vieira,18.0,7488.83,1962-10-23,mariane13@example.org,3421.85,2024-03-20
407,Sra. Luna da Mata,51.0,7350.05,1989-08-19,correialuisa@example.org,3129.37,2024-08-28
408,Raquel Teixeira,70.0,,1976-04-04,daniel82@example.org,4940.18,2024-03-22
409,Maria Luiza Carvalho,22.0,7887.16,1992-11-21,cavalcantimatheus@example.org,1671.11,2024-08-08
410,Arthur Gabriel Marques,23.0,5402.3,1946-11-26,miguel45@example.com,4026.18,2024-05-12
411,Camila Rodrigues,24.0,4929.24,1945-08-23,mariana97@example.org,275.58,2024-09-09
412,Marcela Ferreira,53.0,3258.24,1954-01-07,fernando40@example.com,3390.22,2024-01-14
413,Hadassa Câmara,57.0,6599.58,24/04/2017,vitor-gabrielrezende@example.com,3611.62,2024-05-14
414,Alexia Melo,-5.0,9697.69,2001-02-21,antonycamara@example.com,1530.72,2024-06-08
415,João Guilherme Lima,44.0,2409.17,2000-02-18,maria-clara43@example.com,3093.17,2024-03-20
416,Maria Laura Pacheco,24.0,7935.77,1950-03-01,alexia41@example.com,327.85,2024-01-17
417,Luan da Mota,,2644.41,1960-03-03,marcos-vinicius28@example.org,2544.26,2024-08-24
418,Maria Luiza Ribeiro,76.0,9236.54,1963-11-07,benjamimrezende@example.com,3489.91,2024-09-19
419,Otto Guerra,74.0,4769.63,1968-03-06,pachecomateus@example.com,4899.55,2024-07-10
420,Vitor Porto,26.0,2674.53,1993-03-02,natalia42@example.net,3052.37,2024-08-18
421,Juan Brito,53.0,6876.96,1973-05-18,luiz-otavio51@example.org,1084.36,2024-04-03
422,Sra. Mariah Viana,79.0,3011.41,1999-08-04,vicente94@example.com,2758.21,2024-08-11
423,Ana Júlia Porto,63.0,5048.56,1980-06-25,melomathiasexample.net,3764.56,2024-02-01
424,Maria Helena Moura,27.0,1951.05,1962-07-07,cassianojoao-guilherme@example.org,377.36,2024-03-31
425,Natália Casa Grande,68.0,,1963-08-26,enricomendonca@example.com,3792.61,2024-06-14
426,Levi Porto,65.0,7000.52,02/09/1978,nda-mota@example.org,2005.54,2024-05-31
427,Davi Lucca Pimenta,120.0,9631.97,1971-01-16,bguerra@example.com,4881.53,2024-04-10
428,Vitor Costa,46.0,8554.86,1989-10-01,duartesofia@example.org,4566.28,2024-01-05
429,Josué Câmara,,3144.73,1987-05-30,ana-livia21example.com,2299.19,2024-05-12
430,Enzo Azevedo,35.0,6231.09,1995-08-15,amanda78@example.net,737.33,2024-05-17
431,Catarina Fernandes,38.0,6573.48,2006-06-23,wfogaca@example.org,3890.94,2024-02-13
432,Allana da Conceição,,4201.8,1957-11-06,otaviosiqueira@example.org,1177.81,2024-06-04
433,Davi Fonseca,32.0,9008.87,1988-07-08,garciathomas@example.net,3350.34,2024-06-12
434,Ana Julia Ribeiro,66.0,9839.63,1950-07-12,aragaoigor@example.com,143.14,2024-04-26
435,Yan da Cunha,61.0,9028.11,24/06/1986,noahsales@example.net,1968.73,2024-06-14
436,Beatriz Ribeiro,,4687.14,1976-06-30,larissacaldeira@example.net,4033.8,2024-07-08
437,João Miguel Camargo,28.0,9758.84,1993-02-27,mcosta@example.org,3889.26,2024-07-23
438,Gabriela Fogaça,71.0,2383.38,1988-01-13,lorenzo08@example.com,2735.0,2024-08-27
439,Sra. Luísa da Costa,,,1943-11-22,camargomarina@example.org,3612.65,2024-09-06
440,Ana Vitória Silveira,150.0,3698.51,18/06/1975,ravi74@example.com,2001.36,2024-05-02
441,Asafe da Rocha,,7925.67,1966-05-30,leticia11@example.org,2969.48,2024-01-03
442,Enzo Gabriel Farias,-5.0,3892.9,1966-03-30,rpinto@example.net,4640.79,2024-01-25
443,Sr. Danilo Guerra,69.0,8720.47,1968-12-07,yda-mata@example.net,1545.39,2024-08-11
444,Eloah Camargo,150.0,9570.45,1952-01-25,castrogustavo-henrique@example.com,2812.27,2024-08-27
445,Maysa Cirino,31.0,7860.52,1982-03-26,benjamin27@example.com,4527.38,2024-01-30
446,Maysa Aparecida,71.0,3648.31,1947-09-16,apollo89@example.net,661.65,2024-05-28
447,Maitê Moreira,,,1976-09-03,lopestheo@example.com,1524.2,2024-03-31
448,Maria Isis Cassiano,59.0,,1996-07-29,albuquerquelevi@example.net,1497.17,2024-08-11
449,Eloah Barbosa,-5.0,6307.19,1991-01-22,rodrigo54@example.org,1886.02,2024-05-13
450,Maria Flor Guerra,35.0,8640.94,1995-03-13,marqueslivia@example.net,758.1,2024-04-27
451,Melissa Dias,29.0,6987.19,1951-03-13,psouza@example.org,501.67,2024-01-27
452,Ana Carolina Novais,,2140.9,1978-04-24,vieiraana-julia@example.net,191.29,2024-05-27
453,Mirella Fernandes,53.0,3715.24,1966-08-10,camaramaria@example.com,4480.53,2024-05-27
454,Olívia Silva,72.0,3973.49,1985-02-13,gcamargo@example.net,2377.04,2024-02-28
455,Dr. João Vitor Novaes,57.0,7315.37,1976-08-08,aparecidalucas@example.com,3810.31,2024-02-06
456,Dra. Maria Luísa Caldeira,64.0,5609.78,13/02/2015,marcos-viniciuscampos@example.com,1858.1,2024-02-26
457,Lucca Caldeira,150.0,8227.41,1991-06-02,portojosue@example.com,2001.66,2024-04-30
458,Sofia Carvalho,71.0,3824.71,2004-06-10,mouracalebe@example.net,3735.36,2024-09-02
459,Rafaela Moraes,22.0,5891.63,1992-12-04,luiz-felipesiqueira@example.org,1944.01,2024-01-28
460,Luna Montenegro,56.0,1556.08,1999-03-31,spereira@example.org,4421.97,2024-03-12
461,Dr. Rael Carvalho,56.0,7597.07,1952-06-03,agatha58@example.net,679.82,2024-02-27
462,João Vitor Rodrigues,28.0,7001.7,1965-06-21,luiz-henriquemontenegro@example.net,2113.41,2024-07-01
463,Sr. Luiz Gustavo Novais,27.0,1975.25,13/05/2016,vrocha@example.net,1365.47,2024-03-16
464,Vicente Caldeira,60.0,8481.08,1945-04-23,cauerios@example.org,4741.54,2024-02-22
465,João Pedro Rodrigues,27.0,8254.24,1959-07-03,salesana-carolina@example.org,4120.22,2024-07-17
466,Luiz Henrique Machado,,2085.16,1950-03-05,heloisada-costa@example.net,1953.24,2024-07-25
467,Sra. Ana Julia Garcia,,2318.54,1968-02-19,caue04@example.org,2431.76,2024-06-12
468,Heloisa Porto,26.0,,1988-02-10,zoe93@example.net,2742.5,2024-09-10
469,Pietro Cavalcanti,62.0,6003.44,2005-09-04,cirinoluiz-felipe@example.net,1224.48,2024-05-15
470,Ana Cecília Lima,62.0,6397.03,1961-04-20,jose-pedro29@example.com,2184.9,2024-01-02
471,Daniela Aparecida,34.0,-100.0,1953-05-26,caua94@example.com,3574.83,2024-07-26
472,Maria Alice Barbosa,41.0,2405.96,1993-02-10,sara32@example.net,2187.75,2024-01-18
473,Eduarda Leão,43.0,7917.26,1977-12-06,wborges@example.org,2124.82,2024-08-20
474,Luísa Farias,40.0,8080.65,1966-06-13,sofiamelo@example.net,2050.84,2024-08-04
475,Alexia Camargo,24.0,3322.89,1985-11-10,pda-costa@example.net,2062.75,2024-08-29
476,Asafe Rodrigues,18.0,8337.14,1999-07-07,hvieira@example.com,4133.95,2024-03-08
477,Sra. Amanda Moreira,64.0,4766.77,1995-07-06,olivia87@example.com,4923.8,2024-01-12
478,Evelyn Duarte,58.0,5702.13,1976-02-04,cavalcantestephany@example.net,152.48,2024-01-02
479,Gustavo Henrique Rios,-5.0,,1983-05-18,laiscaldeira@example.org,930.47,2024-05-21
480,Dra. Maya Ramos,60.0,4858.72,1995-03-05,souzaleandro@example.org,2971.79,2024-04-30
481,Sr. Caio Barbosa,76.0,6454.93,1947-02-19,diego93example.com,1802.63,2024-04-17
482,Maria Luiza Lopes,29.0,,1963-08-26,hrocha@example.net,621.68,2024-01-02
483,Dra. Ana Luiza Sá,70.0,8243.81,1990-09-18,sampaiodiogo@example.com,1325.69,2024-09-01
484,João Vitor Viana,61.0,,1986-12-05,da-pazluna@example.com,2975.45,2024-04-13
485,Ana Melo,32.0,8301.37,1953-07-26,joao-gabrielsouza@example.com,2120.89,2024-07-28
486,Laís Porto,65.0,8479.13,1952-10-17,antonio88@example.org,472.54,2024-02-02
487,Matteo Nascimento,61.0,9407.17,1978-03-19,das-nevesotto@example.net,1031.82,2024-07-13
488,Sra. Hadassa Jesus,71.0,6758.07,2000-10-09,lorenzocirino@example.org,864.38,2024-06-11
489,Gael Camargo,52.0,9642.94,1955-02-22,saisis@example.com,4255.25,2024-06-18
490,João Vitor Rios,29.0,9867.35,1947-12-18,costamariah@example.com,4588.43,2024-04-03
491,Isabela Brito,52.0,1776.78,1961-09-06,correiaanna-liz@example.com,1801.72,2024-04-28
492,Lorena Sales,18.0,1600.47,1980-07-09,ana-vitoria62@example.org,1132.69,2024-03-23
493,Pedro Henrique da Mota,48.0,9647.48,1996-08-23,biancamendes@example.com,1781.17,2024-04-27
494,Ryan Novaes,46.0,3029.06,1950-07-29,da-motajoao-lucas@example.net,742.58,2024-02-21
495,Dra. Ana Vitória Siqueira,120.0,3166.54,1948-06-20,montenegrobento@example.net,4020.18,2024-06-01
496,Hadassa Andrade,51.0,-100.0,1978-06-20,xrezende@example.org,1647.06,2024-04-06
497,João Vitor Carvalho,70.0,,1972-12-29,goncalvesemanuella@example.net,4210.96,2024-01-03
498,Enzo Sá,40.0,1668.6,1976-02-09,lcastro@example.net,694.06,2024-09-06
499,Clara Sousa,67.0,3919.17,1989-11-01,bruno37@example.org,1692.94,2024-01-17
500,Sr. Asafe Rios,79.0,2731.21,1956-09-29,hellena77@example.org,921.12,2024-01-11
501,Luna Caldeira,28.0,4420.82,1988-01-20,vinicius98@example.net,1636.06,2024-02-15
502,Maria Flor Fonseca,78.0,-100.0,1980-09-28,moreiratheodoro@example.com,2975.91,2024-09-12
503,Valentim Guerra,,7872.79,1965-12-13,mariah79@example.org,1131.8,2024-05-11
504,Pedro Lucas Cavalcante,51.0,8002.47,1958-03-17,otavio22@example.org,507.93,2024-04-05
505,Srta. Heloísa Leão,120.0,5266.86,1994-10-27,mendesmaria-luiza@example.com,719.42,2024-02-25
506,Noah Almeida,80.0,8902.64,1959-01-26,lorenzocarvalho@example.net,4680.8,2024-05-14
507,Clara Araújo,65.0,6904.73,1954-03-13,pietraguerra@example.net,2863.52,2024-09-11
508,Allana Silveira,,4116.88,1989-07-31,enzo-gabriel37@example.net,2119.8,2024-09-18
509,Eloá Câmara,120.0,1570.7,1996-01-12,luiz-otaviopinto@example.net,4618.23,2024-05-14
510,Luigi Marques,53.0,4675.97,1981-04-19,da-conceicaogabriela@example.com,2117.51,2024-02-04
511,Guilherme Moreira,34.0,2173.28,1997-11-15,mcassiano@example.org,3164.08,2024-02-16
512,Ana Carolina Viana,52.0,8374.87,1977-03-13,borgesmaria-luisa@example.net,2123.23,2024-02-04
513,Ágatha Abreu,-5.0,5681.97,2000-03-24,amoreira@example.com,1671.15,2024-08-18
514,Dra. Mariane da Conceição,18.0,3478.89,2002-11-03,xvieira@example.com,838.35,2024-04-02
515,Dra. Beatriz Lima,68.0,1769.77,1952-02-25,ovargas@example.org,493.09,2024-03-15
516,Maria Luísa da Cunha,75.0,8653.08,1955-08-17,oliveirarebeca@example.org,4104.53,2024-05-16
517,Gabrielly Sales,,9953.55,1994-05-22,gfonseca@example.org,1075.98,2024-04-22
518,Isis da Luz,77.0,,1997-07-31,xnunes@example.net,3182.9,2024-03-13
519,Maria Laura Sá,74.0,999999.99,1956-07-20,xcavalcanti@example.net,3366.8,2024-05-25
520,Leandro Oliveira,33.0,1575.9,1965-05-30,isousa@example.net,305.77,2024-02-01
521,Pietro Viana,23.0,7330.53,1987-10-10,guilhermecunha@example.net,1758.27,2024-04-15
522,Sr. Enrico Gomes,24.0,2569.53,2004-06-26,borgesjoao-vitor@example.com,1240.11,2024-08-31
523,Aurora Azevedo,,4711.04,1960-04-17,emanuel90@example.net,3649.56,2024-04-11
524,Stephany da Paz,54.0,3086.33,1988-07-19,vasconcelosluiz-fernando@example.net,1803.56,2024-05-10
525,Guilherme Ribeiro,27.0,5319.77,2002-05-10,mathias09@example.net,4115.15,2024-05-15
526,Enzo Gabriel Rocha,57.0,8783.05,1945-12-27,alexandrecastro@example.org,3902.48,2024-09-19
527,Maria Rios,49.0,8008.74,1968-08-11,rafaelaalbuquerqueexample.net,855.24,2024-07-04
528,Yan da Paz,78.0,2603.08,1989-06-19,cecilia43@example.net,4380.11,2024-09-10
529,Maria Luiza Oliveira,51.0,-100.0,1944-01-05,joanamontenegro@example.org,2992.47,2024-05-26
530,Laís Fernandes,71.0,,2003-05-19,stephany94@example.net,4025.0,2024-04-26
531,Rafaela Vargas,70.0,6743.93,1959-01-16,maria-cecilia79@example.org,2692.2,2024-05-06
532,Bernardo Garcia,32.0,6019.12,1983-08-22,rauldias@example.com,1028.36,2024-09-08
533,Zoe Albuquerque,24.0,8013.41,1987-11-14,theo41@example.com,2925.16,2024-06-26
534,Sr. Yuri Cavalcanti,50.0,4368.86,1973-09-28,pedro-henrique94@example.org,875.06,2024-09-06
535,Esther Monteiro,41.0,5004.92,1990-02-26,rodrigoda-luz@example.org,3202.88,2024-03-01
536,Luiz Henrique Cassiano,65.0,3659.76,1992-10-16,barrosmarina@example.net,4812.09,2024-01-02
537,Ana Cecília Mendes,150.0,4065.65,1967-02-07,marina94@example.com,1571.64,2024-02-18
538,Lara Gonçalves,54.0,,1957-09-16,cauemoura@example.com,858.1,2024-05-05
539,Ana Beatriz Montenegro,69.0,4052.57,1965-08-06,maria-ceciliacampos@example.net,2895.39,2024-05-16
540,Sr. Anthony Gabriel Rocha,75.0,7361.56,1956-12-29,duarteeloa@example.net,2923.54,2024-08-14
541,Yan da Luz,21.0,9335.91,1958-08-28,vpimenta@example.com,1738.51,2024-02-18
542,Giovanna Leão,72.0,-100.0,1987-11-12,emanuella64@example.com,156.03,2024-02-17
543,Ian Brito,27.0,1929.42,1989-02-16,luanagarcia@example.org,3684.74,2024-02-08
544,Srta. Olívia Albuquerque,43.0,2758.11,1954-11-04,ocarvalho@example.net,1747.22,2024-05-20
545,Dr. Kaique da Cunha,62.0,2608.19,1979-02-18,goncalvesgael-henrique@example.net,760.87,2024-02-12
546,José Miguel Melo,33.0,3559.68,1996-07-28,machadobruna@example.com,1404.66,2024-04-04
547,Jade Ferreira,30.0,,1944-12-19,ferreiramiguel@example.net,3010.0,2024-05-31
548,Zoe Cavalcanti,27.0,5243.94,2005-06-02,daniela58@example.com,4628.64,2024-07-22
549,Anna Liz Garcia,150.0,9566.0,1982-05-19,jpires@example.org,4640.98,2024-06-17
550,Dr. Nathan Barbosa,39.0,3276.58,1948-09-13,rafael55@example.net,2736.23,2024-03-17
551,Miguel da Mata,62.0,7180.21,1999-08-23,raquel76@example.org,1945.37,2024-02-18
552,Davi Lucas Siqueira,35.0,,1958-07-02,emanuel32@example.com,3308.31,2024-01-28
553,Renan Novaes,19.0,3986.21,1947-02-09,wmoura@example.org,4428.67,2024-01-28
554,Daniela Barros,56.0,-100.0,1984-12-21,odas-neves@example.org,1013.45,2024-07-12
555,Carolina Cardoso,49.0,4843.9,1976-11-25,benjaminandrade@example.net,869.33,2024-04-03
556,Dr. Ravi Lucca Nogueira,69.0,2027.08,2002-08-13,scarvalho@example.net,1362.63,2024-02-16
557,Mirella Pires,39.0,,1990-11-25,omoura@example.net,3318.97,2024-05-20
558,Dr. Vitor Hugo da Conceição,33.0,6369.64,1994-06-01,xdas-neves@example.com,2189.68,2024-03-09
559,Anthony Abreu,61.0,8300.89,1976-09-08,catarinada-paz@example.com,4326.68,2024-05-20
560,Sra. Pietra da Rosa,,7077.97,1944-04-17,mda-rocha@example.org,2867.74,2024-07-28
561,Maria Fernanda Correia,27.0,7680.18,1969-08-28,pgoncalves@example.org,3850.63,2024-07-07
562,Maria Julia Garcia,150.0,7775.89,1957-08-13,limarhavi@example.net,844.59,2024-07-20
563,Júlia da Paz,56.0,3473.55,1984-07-27,julia31@example.org,3468.15,2024-02-05
564,Rafael Pinto,41.0,3063.8,1972-03-29,ucorreia@example.org,1998.56,2024-02-10
565,Alícia Cirino,78.0,5010.87,2004-12-22,vitor-gabriel27@example.net,3737.6,2024-01-03
566,Dom Albuquerque,49.0,7346.83,1974-10-24,laura47@example.com,4347.2,2024-05-01
567,Lucas Barros,43.0,6697.79,1996-11-10,danielda-mata@example.com,3738.09,2024-01-19
568,Emilly Correia,70.0,999999.99,2000-02-23,giovanna01@example.net,4401.12,2024-03-06
569,Isadora Sousa,21.0,3113.73,2006-05-17,maria-clarasousa@example.org,2253.81,2024-05-17
570,Renan Gomes,62.0,5894.24,1986-08-25,ayla20@example.net,796.97,2024-09-03
571,Camila da Cunha,,6144.46,1974-01-13,miguel50@example.net,2026.03,2024-02-27
572,Isaac Porto,23.0,3625.7,1971-01-26,cavalcanteyuri@example.net,3489.42,2024-02-01
573,Anthony Aparecida,41.0,2225.11,1980-04-29,msalesexample.org,3565.67,2024-04-07
574,Josué Castro,28.0,9254.15,1975-03-19,dante05@example.net,2870.91,2024-02-10
575,Bianca Cardoso,37.0,7706.37,07/08/1989,cecilia73@example.org,4808.73,2024-06-30
576,José Aparecida,,5398.46,1974-04-17,snovais@example.net,4291.51,2024-07-02
577,Francisco Nogueira,44.0,,1965-08-15,mda-mota@example.net,3045.96,2024-02-12
578,Daniela Machado,29.0,,1962-05-06,vitoria57@example.org,3301.06,2024-07-23
579,Maria Helena Siqueira,21.0,2425.54,1955-05-29,pintoemanuella@example.net,4969.3,2024-03-03
580,Srta. Zoe Gomes,,5370.37,1955-09-06,jvargas@example.org,2936.93,2024-06-10
581,Dr. Lorenzo Camargo,45.0,8668.13,1949-10-12,aparecidajose-pedro@example.org,418.14,2024-08-17
582,Cauê Mendonça,31.0,6702.46,1955-10-16,oliveirahellena@example.net,635.58,2024-05-08
583,Jade Aragão,63.0,3941.09,1966-10-19,albuquerqueoliver@example.net,3083.34,2024-05-09
584,Ravi Lucca Porto,51.0,7698.07,1947-07-17,yfreitas@example.net,2538.93,2024-01-16
585,Juliana Moura,47.0,6816.42,1946-04-12,da-rosaeduardo@example.org,677.84,2024-09-09
586,Carlos Eduardo Silveira,58.0,3304.87,1958-04-09,mcorreia@example.net,3239.03,2024-06-21
587,Emanuelly Novais,-5.0,7329.6,1990-12-01,gsouza@example.net,1772.67,2024-05-31
588,Natália Sampaio,48.0,9287.39,1985-08-17,cavalcanteluiz-miguel@example.net,4006.55,2024-04-15
589,Sr. Vitor Peixoto,68.0,,1971-08-18,ana-vitoria85example.com,4646.17,2024-04-18
590,Marina Silveira,54.0,7326.69,04/09/2020,zoecunha@example.com,4017.72,2024-07-20
591,Luiz Miguel Machado,58.0,6041.32,1971-11-29,uabreu@example.org,913.25,2024-09-15
592,Allana Moreira,63.0,1768.84,1952-03-24,anthony-gabriel43@example.org,2127.96,2024-08-13
593,João Guilherme Novaes,,4680.83,1975-12-05,gabrielandrade@example.com,283.24,2024-04-03
594,João Fonseca,39.0,9350.91,1999-10-07,ravi-luccada-cunha@example.com,3688.96,2024-01-25
595,Helena Siqueira,61.0,,1948-07-31,maria-sophia27example.net,1105.42,2024-07-03
596,Kaique Andrade,,6551.44,1989-10-04,xbarros@example.org,526.67,2024-08-30
597,Dr. Pedro Henrique Leão,37.0,6930.23,2002-04-28,vargasrafael@example.net,1128.24,2024-06-20
598,Alexia Porto,28.0,3825.91,1992-09-11,taragao@example.net,174.76,2024-01-11
599,Clarice Duarte,63.0,8334.02,1975-05-15,leandroaragaoexample.net,2913.01,2024-07-11
600,Melissa Sá,75.0,,1981-03-18,camaraluana@example.com,619.04,2024-07-25
601,Davi Lucca Fernandes,62.0,5289.61,1948-12-01,novaesisabelly@example.com,1842.56,2024-01-23
602,Maya Vasconcelos,66.0,5458.41,1987-09-07,maria-luisanovais@example.org,745.8,2024-05-08
603,Fernanda Novais,47.0,5499.64,1982-07-11,ryanbarbosa@example.com,4742.5,2024-07-23
604,Sr. Daniel Rios,,8204.62,1969-10-09,cecilia35@example.com,4423.78,2024-06-05
605,Leandro Cavalcante,67.0,4463.23,2005-12-09,jpinto@example.com,2915.92,2024-01-12
606,Guilherme Rodrigues,37.0,6028.34,1967-04-08,camargocaue@example.org,2064.0,2024-09-06
607,João Pedro Albuquerque,70.0,7399.51,1965-05-06,das-nevesmanuella@example.com,2212.63,2024-01-06
608,Vitor Gabriel Cunha,65.0,9412.34,1956-07-22,agatha79@example.net,2913.52,2024-09-17
609,Dra. Allana Garcia,79.0,4949.25,1980-06-12,da-cunhaluigi@example.org,3031.47,2024-03-15
610,Dra. Júlia Aragão,-5.0,8444.79,1973-01-04,azevedohellena@example.net,4447.58,2024-03-12
611,Maria Cecília Caldeira,57.0,6412.42,1944-12-02,yda-conceicao@example.net,1058.77,2024-09-13
612,Levi Mendonça,45.0,7601.23,1998-04-29,cirinomiguel@example.net,4584.08,2024-09-11
613,Alícia Aparecida,21.0,,1959-04-21,brenda76@example.net,2789.54,2024-02-11
614,Dr. Luiz Gustavo Pires,33.0,5169.58,1962-10-06,davi46@example.org,2991.8,2024-09-05
615,Henry Gabriel Cassiano,26.0,3099.93,1965-04-01,iribeiro@example.org,1984.52,2024-07-10
616,Heloísa Leão,22.0,7011.31,1958-11-10,leticiadas-neves@example.net,805.58,2024-03-27
617,Caroline Costela,73.0,5376.24,1984-10-28,joao-guilhermedas-neves@example.net,3965.75,2024-07-04
618,Catarina Lopes,40.0,,2006-06-12,levidias@example.org,2181.38,2024-05-26
619,Srta. Ester Dias,54.0,4619.25,1996-08-10,bentoteixeira@example.com,4893.34,2024-08-19
620,Maria Sophia da Rosa,64.0,5974.47,1971-08-17,kevin31@example.org,4310.82,2024-02-18
621,Juliana Pereira,58.0,,1979-06-11,ravida-conceicao@example.net,4806.01,2024-01-07
622,Rhavi Carvalho,67.0,1591.66,1975-05-13,psilva@example.com,2324.77,2024-02-18
623,Rebeca Melo,28.0,1800.27,1952-05-19,raelandrade@example.com,4622.04,2024-07-20
624,João Gabriel Jesus,,7078.72,1957-09-27,nicolasazevedo@example.org,1529.59,2024-08-31
625,Rebeca Sales,,2626.58,1964-03-09,bda-cruz@example.com,1476.76,2024-07-23
626,Maria Helena Silveira,46.0,4643.02,12/01/2018,moreirahenrique@example.com,959.46,2024-04-30
627,Valentim Nascimento,79.0,2733.1,1968-08-22,novaishellena@example.net,4676.32,2024-07-20
628,Gabriel da Rocha,,2921.91,1971-05-30,allana72@example.com,2931.01,2024-03-18
629,Valentim Casa Grande,48.0,4061.62,1972-12-03,uborges@example.net,3756.14,2024-01-30
630,Ísis Carvalho,73.0,5195.24,1968-06-24,manuella02@example.com,1515.08,2024-06-04
631,Srta. Mirella Borges,52.0,6918.11,1959-06-22,josueborges@example.org,4785.3,2024-07-04
632,Maria Cecília Barros,59.0,6465.5,1976-09-19,ysiqueira@example.net,2359.43,2024-06-09
633,Marcos Vinicius Novaes,,,1967-09-12,brunanunes@example.net,151.83,2024-08-14
634,Diogo Cavalcanti,,,1992-03-05,leaoana-liz@example.com,1046.09,2024-07-11
635,Laura Pires,58.0,,1955-02-06,nathanabreu@example.net,4793.2,2024-07-20
636,Raul Monteiro,29.0,9116.01,1997-08-10,pereiramarina@example.org,3508.7,2024-02-27
637,Olívia Marques,45.0,7383.88,1969-07-22,peixotoanthony-gabriel@example.org,3371.14,2024-08-20
638,Gustavo Henrique Aragão,,3695.03,1955-05-13,rezendececilia@example.org,4082.72,2024-02-08
639,Kaique Farias,24.0,2722.92,2001-09-13,caldeiralara@example.org,3866.67,2024-02-12
640,Felipe Marques,54.0,-100.0,1990-12-04,brayan14@example.com,3908.46,2024-04-06
641,Ana Lívia Teixeira,62.0,,1970-08-22,da-rochamaria-julia@example.org,2017.52,2024-02-02
642,Lucas Moura,69.0,,1969-10-13,ottopimenta@example.org,2746.63,2024-01-29
643,Dra. Vitória Borges,40.0,,1974-03-10,leticia95@example.com,1583.86,2024-05-18
644,Maria Cardoso,120.0,5406.93,1982-06-02,umoreira@example.net,3855.89,2024-05-10
645,Igor Santos,24.0,,1962-01-07,alexandrecampos@example.org,1860.38,2024-05-02
646,Gustavo Henrique Pimenta,55.0,3527.12,2006-08-27,vaparecida@example.com,2004.96,2024-05-27
647,Hadassa Albuquerque,,1814.86,1984-01-29,thomas14@example.com,374.67,2024-05-13
648,Sr. Danilo Rodrigues,61.0,8896.7,1964-09-18,ksilveiraexample.net,2729.15,2024-09-09
649,Gael Farias,76.0,999999.99,1996-04-01,zmelo@example.org,324.43,2024-06-18
650,Daniela Pires,57.0,2950.86,1972-09-26,maria-eduarda60@example.net,2996.11,2024-03-19
651,Dra. Luara Novais,45.0,4367.42,1977-06-24,biancavieira@example.com,4195.89,2024-01-18
652,João Lucas Alves,79.0,8241.36,1965-01-31,ipires@example.org,3844.72,2024-05-30
653,Ester Peixoto,53.0,2902.55,1951-01-29,ana-vitoria04@example.com,1293.86,2024-01-23
654,Marcelo Machado,,5639.22,1995-12-22,pedro84@example.org,131.11,2024-01-30
655,Guilherme Borges,67.0,5546.11,1971-09-04,mendesmelissa@example.org,721.77,2024-02-20
656,Valentina das Neves,56.0,3030.0,24/03/1981,gael-henriquemoreira@example.net,2549.45,2024-09-18
657,Raul Gomes,25.0,9886.13,1988-09-05,abreuana-livia@example.org,4886.28,2024-06-29
658,Aurora Farias,31.0,3849.63,1973-02-17,caldeiraraquel@example.net,1049.22,2024-07-15
659,Leonardo Porto,20.0,1959.23,1999-12-03,murilo34@example.com,1884.55,2024-05-19
660,Bárbara da Mata,21.0,9361.32,1953-02-15,ian09@example.net,961.85,2024-05-15
661,Vitor Hugo Ferreira,38.0,5062.06,1978-04-30,joao-miguel49@example.org,3760.73,2024-02-15
662,Lucca Nogueira,30.0,4692.03,1971-09-01,benjaminmelo@example.net,1181.25,2024-01-14
663,Ana Júlia Borges,42.0,4674.62,24/09/2014,maitepimenta@example.com,2342.93,2024-03-23
664,Dra. Yasmin Barros,35.0,2660.26,2005-01-22,inunes@example.org,4273.09,2024-08-01
665,Sra. Aylla Marques,58.0,9598.46,1963-04-10,omelo@example.org,4537.33,2024-02-07
666,Joana Fonseca,31.0,6528.44,1968-06-02,aylla77@example.org,4201.25,2024-01-18
667,Luiz Fernando Mendes,75.0,999999.99,1972-10-10,alexiavargas@example.com,4736.64,2024-06-07
668,Thomas Caldeira,45.0,6014.53,1969-04-11,duartediegoexample.com,2448.42,2024-05-20
669,Maria Sophia da Costa,64.0,999999.99,1982-10-31,maria-luisagomes@example.org,1168.23,2024-03-30
670,Dra. Marina Viana,54.0,7851.94,2005-06-21,yasmin32@example.net,219.63,2024-06-25
671,Dra. Raquel Camargo,47.0,7483.17,1981-01-09,jduarte@example.org,106.68,2024-08-04
672,Leandro Guerra,62.0,9541.81,1948-02-07,rodriguesgabrielly@example.com,2757.93,2024-05-09
673,Ana Liz Borges,78.0,999999.99,1957-06-05,alexandresa@example.org,1883.55,2024-06-22
674,Yasmin da Rocha,22.0,6266.44,1968-04-14,ncosta@example.net,3890.52,2024-08-18
675,Kevin Lopes,73.0,9652.38,1988-12-09,felipe90@example.net,1127.99,2024-09-16
676,Carolina da Rocha,22.0,4668.92,1947-08-26,abreuelisa@example.org,2316.81,2024-08-14
677,Isaac Lopes,46.0,6778.09,1987-12-16,upires@example.net,4019.53,2024-04-10
678,Maya Nogueira,,4820.8,1957-01-09,maria-lauracarvalho@example.org,976.18,2024-05-26
679,Dr. Eduardo da Paz,31.0,5925.84,2006-07-23,joao-felipealbuquerque@example.org,3173.65,2024-06-19
680,Ryan Ribeiro,59.0,,1971-03-26,enzo-gabrielcarvalho@example.net,1026.4,2024-07-30
681,Mariana Pinto,59.0,6991.44,1955-01-17,cnovaes@example.com,1698.9,2024-04-03
682,Otávio Pereira,68.0,4105.21,1944-03-08,psiqueira@example.net,3967.41,2024-05-11
683,Ísis Oliveira,79.0,2914.09,1966-11-02,nunesmaria-sophia@example.net,4628.25,2024-04-06
684,Rafaela Sales,27.0,2870.67,1948-10-05,maria-flor81@example.net,672.89,2024-08-22
685,Joaquim Melo,60.0,4194.02,1983-06-14,rodriguesvalentina@example.net,1784.85,2024-03-23
686,Luigi Nascimento,49.0,8032.4,1992-10-06,gmarques@example.com,4744.17,2024-05-30
687,Dr. Luiz Gustavo da Rocha,36.0,5528.24,1961-12-08,salesana-julia@example.net,1520.15,2024-07-25
688,Bento Pires,,4378.82,29/02/2004,cauaribeiro@example.com,650.35,2024-07-31
689,Ryan Barros,32.0,,1951-09-16,vianaagatha@example.com,553.16,2024-02-04
690,João Guilherme da Cunha,19.0,2210.51,1944-08-11,pereiraluiz-fernando@example.net,4262.31,2024-07-13
691,Melissa Freitas,50.0,9518.92,1994-08-12,ravy72@example.net,4551.39,2024-08-14
692,Sr. Diogo Peixoto,40.0,4118.73,2002-07-22,mayasa@example.com,2283.32,2024-07-21
693,Pedro Lucas Silveira,28.0,8348.22,1983-11-20,catarinaaragao@example.net,4854.77,2024-03-10
694,Benjamim Cavalcante,48.0,9901.25,23/06/2020,eda-rosa@example.net,2673.98,2024-09-06
695,Mateus Rodrigues,35.0,5023.37,1988-03-03,jda-luz@example.net,2823.49,2024-08-16
696,João Pedro Machado,20.0,8493.79,1967-10-14,sofia01@example.net,1579.77,2024-06-16
697,Júlia Farias,37.0,9626.23,1960-09-30,da-cunhaheloisa@example.com,4187.79,2024-07-22
698,Srta. Evelyn Moreira,33.0,1741.76,1964-12-22,ana-sophianovaes@example.org,3847.12,2024-06-25
699,Anthony Gabriel Jesus,34.0,6837.97,1949-11-15,rodriguesmaite@example.com,2432.6,2024-02-27
700,José Correia,21.0,2742.17,1945-11-11,araujopedro-henrique@example.net,2359.12,2024-06-16
701,Srta. Aurora Pereira,21.0,3963.78,1951-11-26,henrysampaio@example.org,2695.1,2024-03-07
702,Ana Vitória Porto,52.0,4242.16,1972-04-14,leticia54@example.org,1649.43,2024-07-24
703,Bento Garcia,40.0,8498.18,1968-03-13,da-luzvinicius@example.org,163.2,2024-04-25
704,Gabriela Pimenta,27.0,5778.75,1968-06-14,jcaldeira@example.net,4174.71,2024-07-21
705,Cauê Macedo,,7928.61,1988-10-15,andradediogo@example.org,658.44,2024-05-30
706,Pietro Almeida,41.0,2681.62,2000-03-13,alexandreandrade@example.net,2265.5,2024-04-12
707,Lucas Gonçalves,25.0,3390.04,1979-12-03,bmendes@example.com,4298.39,2024-08-09
708,Vitor Hugo Câmara,68.0,-100.0,1943-12-05,kcampos@example.net,192.15,2024-09-02
709,Dr. Kevin Guerra,20.0,2063.1,1947-03-13,fonsecasophie@example.com,3371.17,2024-01-22
710,Lavínia Ramos,40.0,1748.7,1956-07-07,gomesmateus@example.com,813.23,2024-07-02
711,Luiz Henrique Mendonça,-5.0,,1949-01-23,msousa@example.org,2894.15,2024-01-10
712,Isaque Mendonça,66.0,,1968-03-17,melina87@example.org,4870.54,2024-01-10
713,Lucca Viana,46.0,7224.97,1989-02-21,ncampos@example.net,625.89,2024-06-24
714,Zoe Cassiano,38.0,2550.73,11/10/2005,diegoandrade@example.net,640.55,2024-02-07
715,Ana Clara da Cruz,25.0,4770.64,1987-11-25,arthurcavalcanti@example.net,2339.03,2024-01-14
716,Calebe Marques,45.0,3104.67,1982-03-23,caldeiraian@example.com,441.08,2024-06-05
717,Hellena Azevedo,24.0,4869.14,1994-05-26,zfernandes@example.net,2661.05,2024-06-27
718,Sr. Yago Carvalho,75.0,9811.75,1963-12-24,calebpastor@example.org,417.08,2024-03-29
719,João Guilherme Casa Grande,64.0,5742.44,1991-06-11,esternovaes@example.org,3847.6,2024-04-25
720,Ana Cecília Carvalho,60.0,6626.91,1950-01-06,kvasconcelos@example.org,2081.77,2024-08-19
721,André Abreu,58.0,-100.0,1955-01-08,santosalice@example.com,245.65,2024-07-01
722,Carolina Costela,27.0,4073.4,1952-09-24,rebeca76@example.org,3153.84,2024-09-03
723,Ana Carolina Peixoto,49.0,5667.13,25/06/1986,fpimenta@example.net,1382.16,2024-08-05
724,Alana Novais,-5.0,2512.64,1958-07-25,mouragabriel@example.net,2305.57,2024-04-05
725,Sofia Câmara,63.0,2895.23,1972-12-18,yuriaragao@example.org,2210.34,2024-01-30
726,Renan Monteiro,52.0,6363.79,1954-10-29,aragaoemanuella@example.com,2431.96,2024-02-25
727,Lucas Gabriel Pimenta,40.0,,1994-06-11,gaparecida@example.net,1493.74,2024-01-14
728,Emanuelly Castro,66.0,,1993-03-15,hmoraes@example.org,1772.16,2024-08-23
729,Sra. Lunna Leão,59.0,4152.85,1956-03-28,raul15example.org,516.21,2024-01-26
730,Sra. Gabriela Garcia,60.0,8838.63,1999-11-16,melomaria-vitoria@example.org,2883.44,2024-08-22
731,Henrique Pimenta,42.0,4240.58,1972-05-19,ifreitas@example.com,578.86,2024-07-08
732,Maria Alice da Mata,28.0,6726.04,1956-06-16,beniciosales@example.net,1880.34,2024-01-16
733,Daniel Martins,36.0,3753.82,1972-08-10,carolinecamara@example.com,1556.87,2024-06-07
734,Eloá Oliveira,55.0,4363.12,2004-11-01,erickjesus@example.net,429.62,2024-05-08
735,Renan Martins,69.0,4049.23,1961-04-22,psousa@example.org,3350.94,2024-03-27
736,Hellena Pastor,74.0,1658.13,2003-05-02,leaocaio@example.org,3546.33,2024-09-17
737,Dra. Ana Beatriz Lima,77.0,6922.37,1977-03-06,gsampaio@example.com,4063.77,2024-05-10
738,Anthony Gabriel Sales,47.0,2755.82,1989-10-27,joaofogaca@example.com,837.32,2024-03-03
739,Antony Mendes,31.0,8690.72,1985-11-13,maria-claraoliveira@example.net,1407.98,2024-06-02
740,Nicole Vargas,19.0,3587.49,08/07/2008,ycirino@example.com,4153.42,2024-06-13
741,Brayan Gomes,26.0,999999.99,2000-01-02,sofia04@example.com,3969.38,2024-07-17
742,Dra. Ágatha Oliveira,75.0,2213.4,1993-10-08,pintobruna@example.net,3047.84,2024-09-02
743,Maria Clara Aragão,78.0,8638.39,1950-09-16,maria-flor90@example.com,4229.48,2024-04-06
744,Ana Lívia Novais,67.0,9418.22,1988-05-28,joao-guilhermefarias@example.org,1333.86,2024-05-21
745,Pietra Sousa,42.0,8349.65,2002-11-19,raelduarte@example.com,3745.4,2024-08-24
746,Mariana da Mota,73.0,6510.59,1947-02-24,catarina77@example.net,2502.76,2024-05-18
747,Ravy Santos,74.0,8166.32,1977-03-24,marcela95example.net,810.07,2024-09-05
748,Gabriel Marques,65.0,7128.9,1949-03-21,scavalcanti@example.org,4710.16,2024-01-29
749,Daniel Sampaio,41.0,999999.99,1953-01-14,nicolasmoreira@example.net,3457.72,2024-01-06
750,Ágatha Cardoso,37.0,2267.13,1973-07-29,vmacedo@example.net,4131.27,2024-01-06
751,Benício Almeida,,6977.65,1998-08-22,raquelramos@example.com,3967.66,2024-04-18
752,Dr. Ryan Pastor,39.0,7597.78,1985-08-31,tmarques@example.net,4396.13,2024-02-04
753,Enzo Gabriel Vieira,70.0,6155.69,1960-02-06,sfreitas@example.org,1701.16,2024-02-09
754,Rafael Cavalcante,,4905.63,1982-09-10,stellada-paz@example.org,3178.65,2024-09-12
755,Dra. Daniela Castro,66.0,2605.79,1958-09-15,diasjose@example.com,3010.68,2024-03-09
756,Gustavo Novais,55.0,8527.53,1988-04-07,catarina25@example.com,4017.69,2024-05-21
757,Vitor da Rosa,32.0,1676.24,1951-05-16,guerramelina@example.org,212.55,2024-09-06
758,Sr. André Sousa,72.0,2934.43,1978-02-15,ana-carolina74@example.net,2065.07,2024-06-24
759,Melina Fernandes,63.0,5969.62,1987-02-18,iaparecida@example.net,3889.46,2024-05-24
760,Apollo Guerra,70.0,8148.04,1982-08-15,maitefogaca@example.org,1511.01,2024-03-26
761,Evelyn Pacheco,,3109.59,1976-11-18,matteo01@example.net,983.81,2024-08-11
762,Aurora Moraes,55.0,,1968-07-26,mdias@example.net,2345.0,2024-05-14
763,Luiz Miguel Gonçalves,63.0,,1953-01-14,yfreitas@example.com,3026.26,2024-01-04
764,Dr. Leandro Machado,120.0,9484.24,1998-10-19,cunhalivia@example.net,4839.33,2024-09-18
765,Laura Castro,60.0,4652.66,1994-06-23,asiqueira@example.org,4843.48,2024-08-07
766,Aurora Casa Grande,26.0,2262.01,1956-10-22,vmoura@example.org,3580.25,2024-09-02
767,Maria Flor Borges,35.0,7856.5,1944-02-19,kamilly28@example.com,4638.56,2024-07-05
768,Guilherme Cirino,75.0,2902.36,1996-02-25,mariane04@example.net,3710.66,2024-03-20
769,Nicole Câmara,30.0,,1945-05-29,cassianovinicius@example.com,1226.32,2024-09-08
770,Olivia Campos,20.0,5252.92,1984-11-27,lara27@example.net,4945.21,2024-06-18
771,Dante Teixeira,31.0,8879.47,1961-03-08,peixotoeloa@example.net,985.21,2024-05-06
772,Joana Pires,80.0,1535.07,1986-12-06,freitasolivia@example.net,3857.55,2024-05-31
773,Enrico Pacheco,36.0,7291.15,1947-05-28,maria-eduarda25@example.org,3435.13,2024-01-14
774,Dr. Luiz Henrique Aragão,71.0,7515.51,04/03/1975,moraesmathias@example.net,2451.29,2024-02-18
775,Yago Duarte,46.0,4261.78,19/01/2015,vitor-hugo51@example.net,3684.57,2024-06-01
776,Davi Miguel Moreira,38.0,8284.25,1961-06-12,vjesus@example.org,3744.62,2024-01-27
777,Theodoro Câmara,43.0,2258.1,1996-02-09,leaomaria-clara@example.org,4276.49,2024-01-31
778,Antony Mendes,49.0,8309.35,1965-08-27,joao-lucas79@example.net,3705.86,2024-07-19
779,Sr. Kevin Alves,30.0,5661.8,1990-08-14,camarajose-miguel@example.net,4438.52,2024-02-07
780,Leandro Cardoso,45.0,6860.83,1956-12-08,limahenry-gabriel@example.org,555.44,2024-01-05
781,Marina Aparecida,51.0,6851.26,1956-02-02,vieiraolivia@example.net,2670.92,2024-01-16
782,José Aparecida,75.0,4053.47,1947-11-22,sagael@example.org,1318.4,2024-08-29
783,Guilherme Cirino,44.0,2303.12,1985-12-19,borgesjoao-vitor@example.net,3338.19,2024-09-04
784,Marcela Fogaça,,5434.47,1953-10-31,mirellanunes@example.org,3952.27,2024-01-27
785,Alice Moura,66.0,7197.21,1957-05-22,alexiacavalcante@example.net,3156.67,2024-01-02
786,Srta. Hadassa Montenegro,,999999.99,1997-05-08,sfonseca@example.net,3399.7,2024-02-18
787,Bianca Cirino,60.0,9709.33,1996-04-22,nlima@example.net,3049.25,2024-02-29
788,Levi Campos,43.0,8339.45,1973-01-25,mayateixeiraexample.com,529.41,2024-07-04
789,Ana Cecília Barros,48.0,7013.3,1964-05-22,gomesalice@example.com,3283.73,2024-06-06
790,Pedro Miguel Câmara,48.0,5085.97,08/02/1990,liz31@example.com,670.65,2024-09-03
791,Samuel Rocha,150.0,3211.38,1950-05-06,qmoreira@example.net,2890.21,2024-01-23
792,Miguel Guerra,49.0,7765.17,1987-07-04,sousalucca@example.org,3019.61,2024-04-05
793,Lucca Costa,150.0,9193.12,1981-03-14,ocampos@example.com,4351.41,2024-07-09
794,João Gabriel Sá,44.0,9057.7,1993-06-16,efogaca@example.net,673.01,2024-06-07
795,Raquel Moraes,48.0,4422.7,1961-04-15,hcaldeira@example.com,1237.31,2024-05-08
796,Davi Luiz Alves,26.0,9006.97,1949-12-28,azevedomelina@example.net,3642.68,2024-01-08
797,Mateus Pereira,80.0,8678.52,1986-07-05,ana-juliapinto@example.net,3147.03,2024-01-26
798,Vicente Vargas,24.0,8244.6,1974-09-22,scosta@example.net,4720.97,2024-05-10
799,Joana Nogueira,,2848.15,1965-05-13,teixeirabenicio@example.com,4156.95,2024-08-19
800,Matheus Machado,32.0,5634.11,1963-07-15,dmacedo@example.org,4968.95,2024-01-09
801,Liz Santos,73.0,5880.79,1954-01-22,tcarvalho@example.net,3380.48,2024-04-12
802,Samuel Ribeiro,24.0,8144.05,1978-08-10,jmelo@example.org,3087.31,2024-05-13
803,Julia Monteiro,31.0,9243.38,1980-12-14,rpimenta@example.com,869.46,2024-07-20
804,Lorenzo Araújo,39.0,999999.99,1945-06-28,cardosoemanuelly@example.com,702.62,2024-07-31
805,Amanda Teixeira,23.0,3761.13,1999-11-15,gabrielly16@example.com,3604.48,2024-09-17
806,Marcela Araújo,26.0,8315.03,1985-05-17,ravyramosexample.com,2125.71,2024-06-04
807,Srta. Lorena Camargo,,8046.29,1964-12-26,nascimentoaylla@example.org,3616.37,2024-05-01
808,Sophie Leão,43.0,7953.14,1960-07-07,bpastor@example.com,3334.86,2024-04-09
809,Luna Oliveira,51.0,9767.62,1949-11-15,sbrito@example.net,2154.6,2024-02-24
810,Sarah Teixeira,70.0,3878.14,1985-10-06,ana-clarafonseca@example.com,2686.18,2024-02-23
811,Ana Vitória Nascimento,59.0,5258.22,1957-03-16,calebe49@example.com,1791.73,2024-07-30
812,Ayla Silva,42.0,7663.34,1996-11-25,pastorbarbara@example.com,3726.26,2024-01-18
813,Olívia Lima,66.0,6903.33,1956-12-06,rezendeana-julia@example.net,214.77,2024-07-30
814,Ágatha Dias,50.0,-100.0,1956-04-27,nda-cunha@example.net,393.73,2024-04-29
815,Emilly Almeida,18.0,5351.75,1983-04-10,melinacunha@example.net,4916.46,2024-09-10
816,Sra. Juliana Porto,56.0,3487.62,1977-04-12,ununes@example.net,1566.09,2024-01-16
817,Luiz Otávio Martins,24.0,4286.7,1953-01-09,ana-claralopes@example.com,2953.61,2024-03-24
818,Gustavo Jesus,,5111.54,1960-07-14,lorenzo49@example.org,737.31,2024-04-16
819,Dom Correia,73.0,3741.4,1945-06-18,maria-fernanda78@example.com,2544.25,2024-04-20
820,Guilherme Castro,27.0,5799.18,1960-11-24,da-luzagatha@example.net,2475.35,2024-05-24
821,Ana Cecília Silveira,20.0,7845.22,1974-04-29,araujoenzo@example.com,4725.94,2024-06-07
822,Nicolas Fonseca,20.0,-100.0,1986-01-12,goncalvesjoao-lucas@example.org,676.94,2024-01-30
823,Dra. Bárbara Moreira,21.0,999999.99,1985-07-25,maysa13example.net,1595.3,2024-02-02
824,Dr. Mathias Souza,48.0,6371.0,1990-08-03,jcunha@example.org,2872.24,2024-02-16
825,Pedro Lucas Jesus,50.0,6909.91,1959-09-27,mendoncasophie@example.com,3832.23,2024-07-02
826,Liam Nogueira,42.0,3478.99,1970-06-01,agathaviana@example.org,2037.45,2024-04-05
827,Sra. Lorena Almeida,63.0,1710.83,1984-05-18,sousacaue@example.net,3187.54,2024-08-29
828,Isabella da Cunha,52.0,6403.27,1978-07-16,eloa18@example.org,359.08,2024-08-13
829,Alexia Gonçalves,29.0,9680.2,2002-02-24,ana-julia13@example.com,1447.32,2024-02-25
830,Pedro Lucas Pires,,4915.28,1963-09-13,cvieira@example.com,320.42,2024-08-15
831,Olivia Sousa,34.0,2273.71,1969-09-25,lavinia12@example.net,4900.95,2024-03-09
832,Luiz Gustavo Leão,,2938.12,1981-08-26,maria00@example.net,3110.93,2024-06-17
833,Melina Vieira,,3692.44,1984-02-09,guerramurilo@example.net,4713.73,2024-03-21
834,Antonella Camargo,50.0,,1953-08-29,julianavieira@example.com,663.9,2024-04-28
835,Srta. Joana Cavalcanti,74.0,1658.29,1987-01-11,alexia31@example.com,2814.97,2024-04-06
836,Maria Flor Oliveira,46.0,2213.22,1957-11-10,novaisraul@example.org,3215.42,2024-09-13
837,João Sampaio,45.0,,1997-05-20,guerraliz@example.net,2820.25,2024-03-09
838,Léo Cavalcante,21.0,9434.81,2003-05-25,albuquerquesara@example.com,2462.71,2024-07-22
839,Sabrina Campos,,3891.15,1957-11-10,mateusviana@example.com,890.94,2024-03-16
840,Maria Helena Cardoso,35.0,8965.37,1970-11-21,pedroda-paz@example.net,1133.17,2024-06-27
841,Emilly Jesus,63.0,5348.1,25/08/2019,da-rochavinicius@example.org,1305.05,2024-06-11
842,Dr. Bryan Albuquerque,,,1973-04-04,isabella36@example.net,3083.06,2024-04-21
843,Jade Barbosa,150.0,6074.12,1949-09-20,aragaobrenda@example.org,3957.8,2024-05-03
844,Sr. André da Cunha,42.0,999999.99,1975-07-04,zda-rosa@example.net,1854.03,2024-04-07
845,Ana Cecília Pacheco,18.0,3382.93,1955-01-07,milenamonteiro@example.com,196.93,2024-08-18
846,Caio Dias,,3379.76,1988-06-18,qcasa-grandeexample.org,4902.58,2024-03-23
847,Theo da Mota,80.0,8479.55,1990-10-31,qda-paz@example.net,2040.82,2024-08-06
848,Valentim Dias,61.0,6625.27,1971-03-04,ana-vitoriasousa@example.com,960.09,2024-07-19
849,Pedro Lucas Aragão,64.0,8149.15,1955-08-15,da-conceicaoluiz-otavio@example.org,1040.07,2024-05-03
850,Ravi Lucca Lopes,47.0,1516.62,1951-01-10,caparecida@example.com,2192.86,2024-09-17
851,Raquel Marques,25.0,7281.47,1974-10-11,josueferreira@example.org,2386.27,2024-02-23
852,Fernando Cavalcante,46.0,4188.06,1990-12-18,otavio90@example.net,2020.11,2024-07-20
853,Oliver Barbosa,79.0,2132.74,1959-03-24,grocha@example.com,1324.92,2024-01-07
854,Camila Gonçalves,55.0,8276.38,1967-04-02,duarteleandro@example.org,4681.8,2024-01-22
855,Dra. Pietra Marques,51.0,8249.94,1983-04-22,anthony50@example.net,4723.38,2024-06-12
856,Lunna Siqueira,21.0,9292.07,2006-09-15,otavioaragao@example.net,1949.24,2024-03-15
857,Brayan Novaes,57.0,6822.57,2003-09-09,zborges@example.com,422.37,2024-02-16
858,Aurora Almeida,32.0,8848.95,1997-06-01,hellenavasconcelos@example.com,3958.63,2024-03-15
859,Daniela Campos,59.0,9469.47,1962-07-11,zsousa@example.com,3936.35,2024-08-25
860,Caroline Fogaça,68.0,8646.63,1985-08-24,olivia37@example.com,4531.41,2024-08-20
861,Juliana Nunes,26.0,8274.72,1981-07-16,salavinia@example.com,396.41,2024-06-10
862,Mariane Borges,67.0,2737.81,1946-04-07,maria-fernanda32@example.com,2400.67,2024-05-18
863,Valentina Barros,33.0,5810.42,1962-01-12,zbarros@example.com,4192.36,2024-03-20
864,Kaique da Cruz,39.0,3109.52,1976-09-02,calebe81@example.org,2431.05,2024-05-15
865,Mariana Jesus,-5.0,5058.91,1949-09-02,daniela49@example.org,895.17,2024-07-21
866,Danilo Sousa,47.0,6803.32,1985-05-25,luiz-otaviogoncalves@example.org,1271.19,2024-01-22
867,Sra. Luara Pastor,18.0,,1989-05-03,zpinto@example.com,461.28,2024-03-30
868,Heitor Cirino,20.0,9790.13,1948-08-23,heitor68@example.org,1075.7,2024-01-02
869,Anthony Gabriel Cavalcante,,1682.68,1985-01-12,zsales@example.net,4230.12,2024-09-11
870,Raquel da Rosa,77.0,3287.02,1982-09-07,isabela41@example.org,2335.4,2024-02-05
871,Daniel Almeida,45.0,8966.3,1987-07-27,benjamimcostela@example.com,420.35,2024-06-19
872,Isabella Lopes,56.0,5151.09,1996-10-08,erickda-rosa@example.com,3217.1,2024-02-08
873,Alícia Camargo,33.0,1952.7,1954-03-08,liviamendonca@example.com,3998.5,2024-01-06
874,Isabelly Costa,48.0,8223.48,1962-04-17,varagao@example.org,3112.94,2024-01-28
875,Sra. Maria Vitória Monteiro,29.0,4235.5,1990-02-25,brayan76@example.com,1932.01,2024-05-15
876,Dra. Raquel da Conceição,55.0,7022.77,1988-09-19,limaana-vitoria@example.net,1115.28,2024-01-17
877,Maria Vitória Melo,28.0,9451.74,1951-01-31,manuela60@example.org,1933.13,2024-03-16
878,Ravy Ferreira,47.0,5854.23,1971-04-27,camilapereiraexample.net,1748.23,2024-06-21
879,Juan Silveira,,3487.22,1988-07-14,procha@example.net,3262.24,2024-04-04
880,Elisa Pinto,77.0,3435.8,1956-10-09,riosmaria-sophia@example.org,681.08,2024-02-15
881,Samuel Brito,67.0,7310.08,1993-09-15,pda-rosa@example.org,1444.88,2024-05-26
882,Luiz Henrique da Luz,18.0,8045.65,1966-03-18,luiz-fernandomontenegroexample.org,1481.04,2024-07-31
883,Dr. Danilo Pinto,59.0,5857.5,1957-12-31,mariahda-luz@example.com,3829.69,2024-07-25
884,João Felipe Cassiano,68.0,6197.23,1997-06-25,santoscarlos-eduardo@example.com,2396.82,2024-07-29
885,Cauê Viana,44.0,3281.47,1982-03-08,novaisbryanexample.net,2304.86,2024-01-28
886,Bárbara Costela,69.0,7100.21,2001-02-09,anasantos@example.com,1837.85,2024-07-19
887,Beatriz Cassiano,55.0,1697.54,1984-06-26,joao-guilherme13@example.com,3948.25,2024-09-12
888,Joaquim Melo,56.0,6377.97,1965-03-22,enzo-gabrielda-mata@example.com,2015.34,2024-07-07
889,Maria Cecília Pires,79.0,999999.99,19/06/1993,sofialeao@example.org,4484.24,2024-02-06
890,Natália Moreira,76.0,9685.45,1993-10-11,bento72@example.org,1490.71,2024-07-07
891,Ana Lívia Barros,73.0,9233.41,1965-01-11,kvargas@example.com,2016.42,2024-01-17
892,Dom Oliveira,31.0,2604.42,1947-05-12,larissa68@example.com,1107.82,2024-07-08
893,Dr. Anthony da Mota,50.0,7592.56,2000-06-06,isismachado@example.net,2348.89,2024-02-23
894,Melina Sampaio,39.0,9237.57,1965-06-20,mvasconcelos@example.com,4408.27,2024-01-23
895,Lívia Gomes,62.0,8662.44,1989-05-26,raquelnogueira@example.com,3982.5,2024-02-26
896,Luana Moreira,45.0,5391.54,1965-03-08,augustoalves@example.net,4563.08,2024-06-04
897,Kevin Silveira,,9001.72,1970-05-08,siqueiradante@example.com,2734.91,2024-03-09
898,Maria Campos,66.0,,1946-09-22,machadoana-cecilia@example.net,4977.05,2024-07-12
899,Maitê da Costa,50.0,1879.4,1994-06-16,clarada-rosa@example.com,230.92,2024-06-24
900,Dra. Cecilia Silva,20.0,1591.27,1967-07-06,gustavo-henriqueduarte@example.net,661.95,2024-06-02
901,Dr. Carlos Eduardo Casa Grande,33.0,7565.44,1988-07-20,fbarros@example.org,2244.85,2024-04-21
902,Renan Cunha,25.0,,1971-10-29,sara69@example.net,2015.16,2024-05-16
903,Julia Pacheco,,9087.85,1975-02-22,smacedo@example.com,2708.26,2024-07-11
904,Elisa Casa Grande,,,1975-08-01,dsilva@example.org,1610.79,2024-09-11
905,Vitória Campos,,,1987-06-21,cmelo@example.net,178.59,2024-02-11
906,Maria Eduarda Campos,24.0,8273.86,1981-08-14,hcamargo@example.com,4169.21,2024-05-30
907,Vicente Cassiano,30.0,6809.72,1951-02-19,evelyn44example.com,4678.2,2024-01-08
908,Diego Viana,,4188.04,1980-11-11,das-nevesalice@example.org,2007.01,2024-02-18
909,Sra. Agatha Campos,31.0,4994.32,1978-03-19,aparecidalara@example.com,3860.97,2024-05-30
910,Milena Fernandes,34.0,9651.79,1992-12-10,msilveira@example.org,3039.35,2024-07-19
911,Natália Teixeira,58.0,999999.99,1972-01-24,ucassiano@example.com,3469.36,2024-01-24
912,Maria Luísa Gomes,,,1958-05-21,ifernandes@example.org,3552.68,2024-09-08
913,Lara Ramos,33.0,6768.01,16/09/2008,beniciooliveira@example.net,393.62,2024-07-28
914,Camila Ramos,56.0,9902.69,20/07/1998,vitoriaoliveira@example.org,2274.26,2024-09-08
915,Sarah Almeida,44.0,,1951-04-18,arthur-miguelda-mota@example.org,1513.43,2024-03-05
916,Dra. Melina Barros,60.0,9901.2,1994-07-22,isadora90@example.com,4027.11,2024-08-14
917,Luigi Lopes,22.0,8893.87,1955-02-02,mouraanna-liz@example.com,442.93,2024-03-08
918,Carlos Eduardo Nogueira,71.0,8259.48,1954-04-24,luiz-otavioda-cunha@example.org,1101.43,2024-02-10
919,Eloá Araújo,56.0,3616.24,1982-06-06,luiz-miguel00@example.com,1498.23,2024-04-12
920,Sr. Noah Duarte,43.0,4710.6,1959-12-20,aragaonathan@example.org,2406.5,2024-07-16
921,Isabela Monteiro,66.0,4742.06,1975-10-05,rcamargo@example.org,4284.81,2024-03-24
922,Maria Luísa Azevedo,47.0,4099.7,1974-03-22,oporto@example.org,1487.81,2024-03-11
923,Beatriz da Cruz,18.0,1609.09,1991-10-14,ana-julianunes@example.com,2553.43,2024-04-27
924,Sarah Costela,49.0,,1993-01-14,evelynnogueira@example.org,4938.86,2024-07-24
925,Mariana Novais,66.0,5208.53,1972-03-06,martinsamanda@example.net,1350.77,2024-09-12
926,Bento Mendes,59.0,4775.33,1960-12-07,gabrielly53example.net,2177.8,2024-08-09
927,Augusto Castro,60.0,6985.34,1990-04-15,da-rosafelipe@example.com,1380.52,2024-07-02
928,João Lucas Lopes,18.0,2492.21,1956-12-31,caroline47@example.com,552.3,2024-03-05
929,Dr. Gustavo Henrique Marques,74.0,5095.03,2004-02-19,arthur-gabriel20@example.net,4165.77,2024-05-05
930,Erick Jesus,44.0,7895.93,1978-09-25,zteixeira@example.net,4629.17,2024-01-22
931,Ana Vitória Nascimento,31.0,-100.0,1945-09-01,hrocha@example.com,2050.05,2024-09-12
932,Maria Alice Gomes,44.0,7063.43,1954-11-18,camposmaria-eduarda@example.com,3691.91,2024-09-03
933,Alexia Câmara,46.0,6320.28,1990-07-15,elisa31@example.net,1141.61,2024-06-13
934,Srta. Isabel Monteiro,46.0,6828.12,2004-08-28,da-motamarina@example.net,3159.67,2024-07-04
935,André Costa,,3495.63,2005-09-22,rcamargo@example.net,2477.45,2024-05-11
936,Yuri Correia,20.0,,1985-04-15,davi-luccapastor@example.org,2659.44,2024-07-15
937,José Pedro Nunes,39.0,6637.16,1997-08-12,matheus08@example.net,1749.1,2024-03-07
938,Mirella Abreu,57.0,1986.55,2002-10-21,duarteluana@example.com,1844.54,2024-03-13
939,Stella Martins,26.0,1718.28,1974-12-09,silveirapietro@example.org,702.18,2024-03-14
940,Yasmin Machado,73.0,5539.2,13/03/2014,vcorreia@example.org,2124.32,2024-08-19
941,Srta. Mariana Barbosa,20.0,9741.58,2001-06-27,lucasfarias@example.com,3705.48,2024-01-17
942,Aylla Alves,78.0,9417.61,1973-12-15,pastorbruna@example.com,4661.14,2024-03-06
943,Isabella Fernandes,120.0,8893.8,1996-03-02,raquel31@example.net,4393.55,2024-06-11
944,Pietro Pacheco,53.0,9891.37,1951-08-01,andradegabriela@example.com,2387.33,2024-08-22
945,Srta. Carolina Araújo,78.0,7107.83,2001-08-15,taraujo@example.net,538.22,2024-06-13
946,Cauã Rocha,32.0,7612.99,1947-03-26,da-rochagiovanna@example.com,3363.07,2024-01-26
947,Isabel Peixoto,68.0,7380.17,1993-04-30,marqueshadassa@example.com,4372.51,2024-07-28
948,Beatriz Fernandes,65.0,7662.74,1984-09-22,marquespietra@example.com,3304.21,2024-06-03
949,Cauã Albuquerque,25.0,2257.69,1981-03-19,pastormathias@example.net,3728.85,2024-02-03
950,Jade Fogaça,54.0,7763.8,1970-03-29,pcirino@example.org,1622.91,2024-07-28
951,Davi Lucas das Neves,77.0,8270.81,1980-07-17,ana-livia98@example.org,2646.78,2024-02-08
952,Luigi da Rocha,78.0,4023.0,1966-12-15,moreirajoao-vitor@example.org,1172.63,2024-03-03
953,Ana Júlia Lima,20.0,6590.48,1965-05-18,nathanviana@example.org,1613.57,2024-03-30
954,Olívia Sales,49.0,,1987-04-21,speixoto@example.com,4835.83,2024-08-12
955,Lívia Pimenta,32.0,7453.46,1962-08-05,luan17@example.org,357.57,2024-05-10
956,Henry Gabriel Sales,72.0,2853.14,1958-03-23,rhavimendes@example.net,205.67,2024-07-21
957,Dr. Gustavo Guerra,64.0,3905.84,1955-04-29,fonsecaantonio@example.org,3512.24,2024-04-04
958,Bruna Casa Grande,69.0,1960.05,1962-01-09,eloahaparecida@example.org,4679.42,2024-02-22
959,Erick Câmara,,3354.16,1999-07-01,camilanovaes@example.org,3767.07,2024-02-16
960,Felipe da Luz,27.0,4700.72,2001-02-01,rochajoao-guilherme@example.com,4915.23,2024-06-21
961,Lucca Costela,25.0,9832.35,01/11/1998,esterfreitas@example.net,3285.48,2024-02-15
962,Maya Silva,49.0,4072.86,1947-11-02,jose-pedrovieira@example.org,3021.16,2024-02-20
963,Maria Fernanda Dias,47.0,8851.61,1981-06-28,calebteixeira@example.net,3286.52,2024-06-03
964,Laís Vieira,60.0,9222.07,1953-01-28,cauepires@example.com,1202.18,2024-08-17
965,Rebeca Costela,42.0,5615.63,1989-07-15,qvieira@example.net,3258.52,2024-01-18
966,Maria Julia Sá,29.0,4945.31,1999-04-24,melina87@example.org,3533.64,2024-03-25
967,Dr. Thales Melo,52.0,7566.87,1960-08-15,yporto@example.net,3971.33,2024-06-19
968,Henry Costa,,1545.25,1972-03-13,isabelacunha@example.com,2291.44,2024-04-21
969,Eduarda Freitas,66.0,1797.54,1959-10-02,carvalhoenzo-gabrielexample.com,4901.65,2024-04-26
970,Sr. Asafe Martins,37.0,1892.41,1975-12-28,leticia77@example.com,4734.39,2024-04-17
971,Luiza da Mata,76.0,9881.17,1967-10-22,luisada-conceicao@example.com,1825.37,2024-06-18
972,Sr. Juan Montenegro,37.0,8776.72,1976-01-09,vianayuri@example.org,1154.54,2024-01-26
973,Luiz Miguel Andrade,53.0,3667.22,1978-02-12,matteo54@example.com,1970.73,2024-07-14
974,Kamilly Correia,52.0,3231.98,1988-03-04,yasminda-luz@example.org,3184.88,2024-07-21
975,Luiz Felipe Viana,50.0,-100.0,2006-07-09,wpacheco@example.net,2156.46,2024-01-04
976,Sophie Teixeira,,7313.82,2003-08-30,oda-conceicao@example.net,2093.23,2024-07-16
977,Isabel Moreira,35.0,1583.84,1980-09-12,dsilveira@example.com,1948.06,2024-07-27
978,Sr. Paulo Vargas,37.0,,2003-01-22,ccostela@example.com,4053.31,2024-08-12
979,Marcelo Carvalho,21.0,2951.35,1980-02-07,ana-laurasousa@example.org,4737.9,2024-05-11
980,Maria Fernandes,72.0,4922.54,1957-12-03,wrodrigues@example.com,3002.32,2024-07-19
981,Dra. Letícia Duarte,35.0,1949.35,1980-09-11,carvalholeandro@example.com,3654.55,2024-05-29
982,Maria Júlia Garcia,40.0,8286.99,1956-07-31,iazevedo@example.com,2560.92,2024-02-19
983,Lucas Nunes,72.0,2239.01,2004-04-27,francisco21@example.net,1597.74,2024-05-25
984,Samuel Alves,54.0,1988.0,1955-06-24,gomesalice@example.org,3742.71,2024-03-02
985,Valentina Azevedo,64.0,2659.64,25/06/1992,rafaela02@example.com,2539.25,2024-08-14
986,Daniel Cardoso,71.0,7840.3,1977-07-07,esouza@example.com,3599.38,2024-09-08
987,Davi Lucca Costela,74.0,,1963-03-26,mcastro@example.net,3451.98,2024-09-03
988,Gabriela Montenegro,29.0,2138.54,1988-11-15,mda-mota@example.org,4213.1,2024-09-17
989,Ana Luiza Guerra,76.0,7272.04,1981-10-28,sarafariasexample.net,4175.46,2024-08-19
990,Nicole Oliveira,58.0,6335.16,10/12/2008,da-pazmaria-alice@example.com,1165.57,2024-07-03
991,Matteo Pimenta,57.0,,1995-08-05,kamillyda-cruz@example.org,381.73,2024-08-24
992,Sra. Natália Gomes,,4513.52,2001-02-06,gabrielgoncalves@example.net,596.56,2024-09-05
993,Emanuel da Mota,27.0,8040.3,1999-04-27,davi-luiz37@example.com,1325.66,2024-09-17
994,Camila Freitas,150.0,7078.38,1948-07-16,montenegroayllaexample.com,2252.85,2024-04-28
995,Gustavo Henrique Montenegro,43.0,,1946-07-13,barbosamaria-eduarda@example.com,1722.95,2024-03-31
996,Evelyn Gonçalves,49.0,6176.05,1946-02-05,ian25@example.net,4019.12,2024-07-15
997,Nicole Azevedo,71.0,8517.93,19/01/2016,lunacarvalho@example.com,743.95,2024-08-03
998,Antony Pereira,21.0,7265.64,1950-01-18,josue86@example.org,1776.49,2024-01-21
999,João Gabriel Cassiano,33.0,6749.71,1971-06-24,pedrosilva@example.org,3673.32,2024-08-22
1000,Helena Macedo,45.0,3186.51,1987-08-12,gomesana-liz@example.com,3561.66,2024-01-14
